STATE_NAME,HOUSE_OF_PARLIAMENT,TENURE,Sno,MP_NAME,HOUSE_NAME,CONSTITUENCY,ALLOCATED_AMT,TENURE_START_DATE,TENURE_END_DATE,Total_Amt
Maharashtra,2,18th Lok Sabha,1,AASHTIKAR PATIL NAGESH BAPURAO,Lok Sabha,HINGOLI,190289442.0,"Jun 4, 2024 12:00:00 AM","Jun 3, 2029 11:59:59 PM",
Jammu And Kashmir,2,18th Lok Sabha,2,ABDUL RASHID SHEIKH,Lok Sabha,BARAMULLAH,154773472.11,"Jun 4, 2024 12:00:00 AM","Jun 3, 2029 11:59:59 PM",
Bihar,2,18th Lok Sabha,3,ABHAY KUMAR SINHA,Lok Sabha,AURANGABAD_BR,147000000.0,"Jun 4, 2024 12:00:00 AM","Jun 3, 2029 11:59:59 PM",
West Bengal,2,18th Lok Sabha,4,ABHIJIT GANGOPADHYAY,Lok Sabha,TAMLUK,147000000.0,"Jun 4, 2024 12:00:00 AM","Jun 3, 2029 11:59:59 PM",
West Bengal,2,18th Lok Sabha,5,Abu Taher Khan,Lok Sabha,MURSHIDABAD,147000000.0,"Jun 4, 2024 12:00:00 AM","Jun 3, 2029 11:59:59 PM",
West Bengal,2,18th Lok Sabha,6,ADHIKARI SOUMENDU,Lok Sabha,KANTHI,147000000.0,"Jun 4, 2024 12:00:00 AM","Jun 3, 2029 11:59:59 PM",
Uttar Pradesh,2,18th Lok Sabha,7,ADITYA YADAV,Lok Sabha,BADAUN,147000000.0,"Jun 4, 2024 12:00:00 AM","Jun 3, 2029 11:59:59 PM",
Kerala,2,18th Lok Sabha,8,Adv Adoor Prakash ,Lok Sabha,ATTINGAL,147000000.0,"Jun 4, 2024 12:00:00 AM","Jun 3, 2029 11:59:59 PM",
Kerala,2,18th Lok Sabha,9,Adv Dean Kuriakose,Lok Sabha,IDUKKI,147000000.0,"Jun 4, 2024 12:00:00 AM","Jun 3, 2029 11:59:59 PM",
Maharashtra,2,18th Lok Sabha,10,ADV GOWAAL KAGADA PADAVI,Lok Sabha,NANDURBAR(ST),147816309.11,"Jun 4, 2024 12:00:00 AM","Jun 3, 2029 11:59:59 PM",
Kerala,2,18th Lok Sabha,11,ADV K FRANCIS GEORGE,Lok Sabha,KOTTAYAM,188722256.11,"Jun 4, 2024 12:00:00 AM","Jun 3, 2029 11:59:59 PM",
Uttar Pradesh,2,18th Lok Sabha,12,AFZAL ANSARI,Lok Sabha,GHAZIPUR,220500000.0,"Jun 4, 2024 12:00:00 AM","Jun 3, 2029 11:59:59 PM",
Jammu And Kashmir,2,18th Lok Sabha,13,AGA SYED RUHULLAH MEHDI,Lok Sabha,SRINAGAR,147000000.0,"Jun 4, 2024 12:00:00 AM","Jun 3, 2029 11:59:59 PM",
Uttarakhand,2,18th Lok Sabha,14,Ajay Bhatt,Lok Sabha,NAINITAL UDHAM SINGH NAG.,147000000.0,"Jun 4, 2024 12:00:00 AM","Jun 3, 2029 11:59:59 PM",
Bihar,2,18th Lok Sabha,15,Ajay Kumar Mandal,Lok Sabha,BHAGALPUR,147000000.0,"Jun 4, 2024 12:00:00 AM","Jun 3, 2029 11:59:59 PM",
Uttarakhand,2,18th Lok Sabha,16,Ajay Tamta,Lok Sabha,ALMORA(SC),147000000.0,"Jun 4, 2024 12:00:00 AM","Jun 3, 2029 11:59:59 PM",
Uttar Pradesh,2,18th Lok Sabha,17,AJENDRA SINGH LODHI,Lok Sabha,HAMIRPUR_UP,147000000.0,"Jun 4, 2024 12:00:00 AM","Jun 4, 2029 11:59:59 PM",
Uttar Pradesh,2,18th Lok Sabha,18,AKHILESH YADAV,Lok Sabha,KANNAUJ,147000000.0,"Jun 4, 2024 12:00:00 AM","Jun 3, 2029 11:59:59 PM",
Uttar Pradesh,2,18th Lok Sabha,19,AKSHAYA YADAV,Lok Sabha,FIROZABAD,147000000.0,"Jun 4, 2024 12:00:00 AM","Jun 3, 2029 11:59:59 PM",
Manipur,2,18th Lok Sabha,20,ALFRED KANNGAM S ARTHUR,Lok Sabha,OUTER MANIPUR(ST),147000000.0,"Jun 4, 2024 12:00:00 AM","Jun 3, 2029 11:59:59 PM",
Bihar,2,18th Lok Sabha,21,Alok Kumar Suman,Lok Sabha,GOPALGANJ (SC),147000000.0,"Jun 4, 2024 12:00:00 AM","Jun 3, 2029 11:59:59 PM",
Madhya Pradesh,2,18th Lok Sabha,22,ALOK SHARMA,Lok Sabha,BHOPAL,147000000.0,"Jun 4, 2024 12:00:00 AM","Jun 3, 2029 11:59:59 PM",
Maharashtra,2,18th Lok Sabha,23,AMAR SHARADRAO KALE,Lok Sabha,WARDHA,147000000.0,"Jun 4, 2024 12:00:00 AM","Jun 3, 2029 11:59:59 PM",
Assam,2,18th Lok Sabha,24,AMARSING TISSO,Lok Sabha,Diphu (ST),147000000.0,"Jun 4, 2024 12:00:00 AM","Jun 3, 2029 11:59:59 PM",
Andhra Pradesh,2,18th Lok Sabha,25,AMBICA G LAKSHMINARAYANA VALMIKI,Lok Sabha,ANANTAPUR,201899064.11,"Jun 4, 2024 12:00:00 AM","Jun 3, 2029 11:59:59 PM",
Maharashtra,2,18th Lok Sabha,26,Amol Ramsing Kolhe,Lok Sabha,SHIRUR,147000000.0,"Jun 4, 2024 12:00:00 AM","Jun 3, 2029 11:59:59 PM",
Rajasthan,2,18th Lok Sabha,27,AMRARAM,Lok Sabha,SIKAR,165691544.11,"Jun 4, 2024 12:00:00 AM","Jun 3, 2029 11:59:59 PM",
Punjab,2,18th Lok Sabha,28,AMRINDER SINGH RAJA WARRING,Lok Sabha,LUDHIANA,147000000.0,"Jun 4, 2024 12:00:00 AM","Jun 3, 2029 11:59:59 PM",
Uttar Pradesh,2,18th Lok Sabha,29,ANAND BHADAURIYA,Lok Sabha,DHAURAHRA,147000000.0,"Jun 4, 2024 12:00:00 AM","Jun 3, 2029 11:59:59 PM",
Uttar Pradesh,2,18th Lok Sabha,30,ANAND KUMAR,Lok Sabha,BAHRAICH(SC),147000000.0,"Jun 4, 2024 12:00:00 AM","Jun 4, 2029 11:59:59 PM",
Odisha,2,18th Lok Sabha,31,ANANTA NAYAK,Lok Sabha,KEONJHAR(ST),147000000.0,"Jun 4, 2024 12:00:00 AM","Jun 3, 2029 11:59:59 PM",
Tamil Nadu,2,18th Lok Sabha,32,Andimuthu Raja,Lok Sabha,NILGIRIS(SC),147000000.0,"Jun 4, 2024 12:00:00 AM","Jun 3, 2029 11:59:59 PM",
Meghalaya,2,18th Lok Sabha,33,ANDREW J. SYNGKON,Lok Sabha,SHILLONG,98000000.0,"Jun 4, 2024 12:00:00 AM","Jun 3, 2029 11:59:59 PM",
Manipur,2,18th Lok Sabha,34,ANGOMCHA BIMOL AKOIJAM,Lok Sabha,INNER MANIPUR,147000000.0,"Jun 4, 2024 12:00:00 AM","Jun 3, 2029 11:59:59 PM",
Uttarakhand,2,18th Lok Sabha,35,ANIL BALUNI,Lok Sabha,GARHWAL,147000000.0,"Jun 4, 2024 12:00:00 AM","Jun 3, 2029 11:59:59 PM",
Maharashtra,2,18th Lok Sabha,36,ANIL YESHWANT DESAI,Lok Sabha,MUMBAI SOUTH CENTRAL,147000000.0,"Jun 4, 2024 12:00:00 AM","Jun 3, 2029 11:59:59 PM",
Madhya Pradesh,2,18th Lok Sabha,37,ANITA NAGARSINGH CHOUHAN,Lok Sabha,RATLAM(ST),147000000.0,"Jun 4, 2024 12:00:00 AM","Jun 3, 2029 11:59:59 PM",
Odisha,2,18th Lok Sabha,38,ANITA SUBHADARSHINI,Lok Sabha,ASKA,147000000.0,"Jun 4, 2024 12:00:00 AM","Jun 3, 2029 12:00:00 AM",
Jharkhand,2,18th Lok Sabha,39,Annpurna Devi ,Lok Sabha,KODARMA,166665931.8,"Jun 4, 2024 12:00:00 AM","Jun 3, 2029 11:59:59 PM",
Uttar Pradesh,2,18th Lok Sabha,40,ANOOP PRADHAN BALMIKI,Lok Sabha,HATHRAS (SC),147000000.0,"Jun 4, 2024 12:00:00 AM","Jun 3, 2029 11:59:59 PM",
Kerala,2,18th Lok Sabha,41,Anto Antony,Lok Sabha,PATHANAMTHITTA,147000000.0,"Jun 4, 2024 12:00:00 AM","Jun 3, 2029 11:59:59 PM",
Maharashtra,2,18th Lok Sabha,42,ANUP SANJAY DHOTRE,Lok Sabha,AKOLA,147000000.0,"Jun 4, 2024 12:00:00 AM","Jun 3, 2029 11:59:59 PM",
Uttar Pradesh,2,18th Lok Sabha,43,Anurag Sharma ,Lok Sabha,JHANSI,147000000.0,"Jun 4, 2024 12:00:00 AM","Jun 3, 2029 11:59:59 PM",
Himachal Pradesh,2,18th Lok Sabha,44,Anurag Singh Thakur,Lok Sabha,HAMIRPUR_HP,149570117.11,"Jun 4, 2024 12:00:00 AM","Jun 3, 2029 11:59:59 PM",
Andhra Pradesh,2,18th Lok Sabha,45,Appalanaidu Kalisetti,Lok Sabha,VIZIANAGARAM,147000000.0,"Jun 4, 2024 12:00:00 AM","Jun 3, 2029 11:59:59 PM",
Bihar,2,18th Lok Sabha,46,ARUN BHARTI,Lok Sabha,JAMUI(SC),194924621.11,"Jun 4, 2024 12:00:00 AM","Jun 3, 2029 11:59:59 PM",
Uttar Pradesh,2,18th Lok Sabha,47,ARUN GOVIL,Lok Sabha,MEERUT,147000000.0,"Jun 4, 2024 12:00:00 AM","Jun 3, 2029 11:59:59 PM",
Tamil Nadu,2,18th Lok Sabha,48,ARUN NEHRU,Lok Sabha,PERAMBALUR,147000000.0,"Jun 4, 2024 12:00:00 AM","Jun 3, 2029 11:59:59 PM",
Telangana,2,18th Lok Sabha,49,ARUNA. D. K,Lok Sabha,MAHABUBNAGAR,147000000.0,"Jun 4, 2024 12:00:00 AM","Jun 3, 2029 11:59:59 PM",
West Bengal,2,18th Lok Sabha,50,ARUP CHAKRABORTY,Lok Sabha,BANKURA,147000000.0,"Jun 4, 2024 12:00:00 AM","Jun 3, 2029 11:59:59 PM",
Telangana,2,18th Lok Sabha,51,Arvind Dharmapuri,Lok Sabha,NIZAMABAD,281396355.11,"Jun 4, 2024 12:00:00 AM","Jun 3, 2029 11:59:59 PM",
Maharashtra,2,18th Lok Sabha,52,Arvind Ganpat Sawant,Lok Sabha,MUMBAI SOUTH,147000000.0,"Jun 4, 2024 12:00:00 AM","Jun 3, 2029 11:59:59 PM",
Telangana,2,18th Lok Sabha,53,Asaduddin Owaisi,Lok Sabha,HYDERABAD,147000000.0,"Jun 4, 2024 12:00:00 AM","Jun 3, 2029 11:59:59 PM",
Madhya Pradesh,2,18th Lok Sabha,54,ASHISH DUBEY,Lok Sabha,JABALPUR,147000000.0,"Jun 4, 2024 12:00:00 AM","Jun 3, 2029 11:59:59 PM",
Uttar Pradesh,2,18th Lok Sabha,55,Ashok Kumar Rawat,Lok Sabha,MISRIKH(SC),147000000.0,"Jun 4, 2024 12:00:00 AM","Jun 3, 2029 11:59:59 PM",
Bihar,2,18th Lok Sabha,56,Ashok Kumar Yadav ,Lok Sabha,MADHUBANI,147000000.0,"Jun 4, 2024 12:00:00 AM","Jun 3, 2029 11:59:59 PM",
West Bengal,2,18th Lok Sabha,57,Asit Kumar Mal ,Lok Sabha,BOLPUR(SC),275694456.74,"Jun 4, 2024 12:00:00 AM","Jun 3, 2029 11:59:59 PM",
Uttar Pradesh,2,18th Lok Sabha,58,ATUL GARG,Lok Sabha,GHAZIABAD,155336470.0,"Jun 4, 2024 12:00:00 AM","Jun 3, 2029 11:59:59 PM",
Odisha,2,18th Lok Sabha,59,AVIMANYU SETHI,Lok Sabha,BHADRAK(SC),147000000.0,"Jun 4, 2024 12:00:00 AM","Jun 3, 2029 11:59:59 PM",
Uttar Pradesh,2,18th Lok Sabha,60,AWADHESH PRASAD,Lok Sabha,FAIZABAD,147000000.0,"Jun 4, 2024 12:00:00 AM","Jun 3, 2029 11:59:59 PM",
West Bengal,2,18th Lok Sabha,61,AZAD KIRTI JHA,Lok Sabha,BARDHAMAN-DURGAPUR,179658399.98,"Jun 4, 2024 12:00:00 AM","Jun 3, 2029 11:59:59 PM",
Andhra Pradesh,2,18th Lok Sabha,62,B K PARTHASARATHI,Lok Sabha,HINDUPUR,160491894.11,"Jun 4, 2024 12:00:00 AM","Jun 3, 2029 11:59:59 PM",
Uttar Pradesh,2,18th Lok Sabha,63,BABU SINGH KUSHWAHA,Lok Sabha,JAUNPUR,147000000.0,"Jun 4, 2024 12:00:00 AM","Jun 3, 2029 11:59:59 PM",
Maharashtra,2,18th Lok Sabha,64,BACHHAV SHOBHA DINESH,Lok Sabha,DHULE,147000000.0,"Jun 4, 2024 12:00:00 AM","Jun 3, 2029 11:59:59 PM",
West Bengal,2,18th Lok Sabha,65,BAG MITALI,Lok Sabha,ARAMBAG(SC),147000000.0,"Jun 4, 2024 12:00:00 AM","Jun 3, 2029 11:59:59 PM",
Odisha,2,18th Lok Sabha,66,BAIJAYANT PANDA,Lok Sabha,KENDRAPARA,147000000.0,"Jun 4, 2024 12:00:00 AM","Jun 3, 2029 11:59:59 PM",
Maharashtra,2,18th Lok Sabha,67,BAJRANG MANOHAR SONWANE,Lok Sabha,BEED,165899107.19,"Jun 4, 2024 12:00:00 AM","Jun 3, 2029 11:59:59 PM",
Odisha,2,18th Lok Sabha,68,BALABHADRA MAJHI,Lok Sabha,NABARANGPUR(ST),147413962.11,"Jun 4, 2024 12:00:00 AM","Jun 3, 2029 11:59:59 PM",
Andhra Pradesh,2,18th Lok Sabha,69,Balashowry Vallabbhaneni,Lok Sabha,MACHILIPATNAM,147000000.0,"Jun 4, 2024 12:00:00 AM","Jun 3, 2029 11:59:59 PM",
Telangana,2,18th Lok Sabha,70,BALRAM NAIK PORIKA,Lok Sabha,MAHABUBABAD,147000000.0,"Jun 4, 2024 12:00:00 AM","Jun 3, 2029 11:59:59 PM",
Maharashtra,2,18th Lok Sabha,71,BALWANT BASWANT WANKHADE,Lok Sabha,AMRAVATI(SC),198293678.0,"Jun 4, 2024 12:00:00 AM","Jun 3, 2029 11:59:59 PM",
Maharashtra,2,18th Lok Sabha,72,BALYA MAMA SURESH GOPINATH MHATRE,Lok Sabha,BHIWANDI,147000000.0,"Jun 4, 2024 12:00:00 AM","Jun 3, 2029 11:59:59 PM",
Delhi,2,18th Lok Sabha,73,Bansuri Swaraj,Lok Sabha,NEW DELHI,154306950.0,"Jun 4, 2024 12:00:00 AM","Jun 3, 2029 11:59:59 PM",
West Bengal,2,18th Lok Sabha,74,BAPI HALDAR,Lok Sabha,MATHURAPUR(SC),147000000.0,"Jun 4, 2024 12:00:00 AM","Jun 3, 2029 11:59:59 PM",
Karnataka,2,18th Lok Sabha,75,BASAVARAJ BOMMAI,Lok Sabha,HAVERI,147000000.0,"Jun 4, 2024 12:00:00 AM","Jun 3, 2029 11:59:59 PM",
Andhra Pradesh,2,18th Lok Sabha,76,BASTIPATI NAGARAJU PANCHALINGALA,Lok Sabha,KURNOOL,159998515.11,"Jun 4, 2024 12:00:00 AM","Jun 3, 2029 11:59:59 PM",
Rajasthan,2,18th Lok Sabha,77,Bhagirath Chaudhary,Lok Sabha,AJMER,147000000.0,"Jun 4, 2024 12:00:00 AM","Jun 3, 2029 11:59:59 PM",
Rajasthan,2,18th Lok Sabha,78,BHAJAN LAL JATAV,Lok Sabha,KARAULI-DHOLPUR(SC),147000000.0,"Jun 4, 2024 12:00:00 AM","Jun 3, 2029 11:59:59 PM",
Madhya Pradesh,2,18th Lok Sabha,79,BHARAT SINGH KUSHWAH,Lok Sabha,GWALIOR,151455276.04,"Jun 4, 2024 12:00:00 AM","Jun 3, 2029 11:59:59 PM",
Gujarat,2,18th Lok Sabha,80,BHARATBHAI MANUBHAI SUTARIYA,Lok Sabha,AMRELI,147000000.0,"Jun 4, 2024 12:00:00 AM","Jun 3, 2029 11:59:59 PM",
Gujarat,2,18th Lok Sabha,81,Bharatsinhji Shankarji Dabhi,Lok Sabha,PATAN,147000000.0,"Jun 4, 2024 12:00:00 AM","Jun 3, 2029 11:59:59 PM",
Madhya Pradesh,2,18th Lok Sabha,82,BHARTI PARDHI,Lok Sabha,BALAGHAT,154398389.01,"Jun 4, 2024 12:00:00 AM","Jun 3, 2029 11:59:59 PM",
Maharashtra,2,18th Lok Sabha,83,BHASKAR MURLIDHAR BHAGARE,Lok Sabha,DINDORI(ST),147000000.0,"Jun 4, 2024 12:00:00 AM","Jun 3, 2029 11:59:59 PM",
Maharashtra,2,18th Lok Sabha,84,BHAUSAHEB RAJARAM WAKCHAURE,Lok Sabha,SHIRDI(SC),147000000.0,"Jun 4, 2024 12:00:00 AM","Jun 3, 2029 11:59:59 PM",
Chhattisgarh,2,18th Lok Sabha,85,BHOJRAJ NAG,Lok Sabha,KANKER(ST),164672734.11,"Jun 4, 2024 12:00:00 AM","Jun 3, 2029 11:59:59 PM",
Uttar Pradesh,2,18th Lok Sabha,86,Bhola Singh,Lok Sabha,BULANDSHAHR(SC),147000000.0,"Jun 4, 2024 12:00:00 AM","Jun 3, 2029 11:59:59 PM",
Maharashtra,2,18th Lok Sabha,87,BHUMARE SANDIPANRAO ASARAM,Lok Sabha,AURANGABAD_MH,147000000.0,"Jun 4, 2024 12:00:00 AM","Jun 3, 2029 11:59:59 PM",
Andhra Pradesh,2,18th Lok Sabha,88,Bhupathiraju Srinivasa varma,Lok Sabha,NARASAPURAM,147000000.0,"Jun 4, 2024 12:00:00 AM","Jun 3, 2029 11:59:59 PM",
Rajasthan,2,18th Lok Sabha,89,BHUPENDER YADAV,Lok Sabha,ALWAR,147000000.0,"Jun 4, 2024 12:00:00 AM","Jun 3, 2029 11:59:59 PM",
Odisha,2,18th Lok Sabha,90,BIBHU PRASAD TARAI,Lok Sabha,JAGATSINGHPUR(SC),147000000.0,"Jun 4, 2024 12:00:00 AM","Jun 3, 2029 11:59:59 PM",
Jharkhand,2,18th Lok Sabha,91,Bidyut Baran Mahato,Lok Sabha,JAMSHEDPUR,147000000.0,"Jun 4, 2024 12:00:00 AM","Jun 3, 2029 11:59:59 PM",
Assam,2,18th Lok Sabha,92,BIJULI KALITA MEDHI,Lok Sabha,GUWAHATI,147000000.0,"Jun 4, 2024 12:00:00 AM","Jun 3, 2029 11:59:59 PM",
Tripura,2,18th Lok Sabha,93,BIPLAB KUMAR DEB,Lok Sabha,TRIPURA WEST,147000000.0,"Jun 4, 2024 12:00:00 AM","Jun 3, 2029 11:59:59 PM",
Andaman And Nicobar Islands,2,18th Lok Sabha,94,BISHNU PADA RAY,Lok Sabha,ANDAMAN AND NICOBAR ISLANDS,147000000.0,"Jun 4, 2024 12:00:00 AM","Jun 3, 2029 11:59:59 PM",
Rajasthan,2,18th Lok Sabha,95,BRIJENDRA SINGH OLA,Lok Sabha,JHUNJHUNU,147000000.0,"Jun 4, 2024 12:00:00 AM","Jun 3, 2029 11:59:59 PM",
Chhattisgarh,2,18th Lok Sabha,96,BRIJMOHAN AGRAWAL,Lok Sabha,RAIPUR,153766451.11,"Jun 4, 2024 12:00:00 AM","Jun 3, 2029 11:59:59 PM",
Madhya Pradesh,2,18th Lok Sabha,97,BUNTY VIVEK SAHU,Lok Sabha,CHHINDWARA,147000000.0,"Jun 4, 2024 12:00:00 AM","Jun 3, 2029 11:59:59 PM",
Gujarat,2,18th Lok Sabha,98,C R Patil,Lok Sabha,NAVSARI,158532494.36,"Jun 4, 2024 12:00:00 AM","Jun 3, 2029 11:59:59 PM",
Andhra Pradesh,2,18th Lok Sabha,99,C.M.RAMESH,Lok Sabha,ANAKAPALLE,202531656.11,"Jun 4, 2024 12:00:00 AM","Jun 3, 2029 11:59:59 PM",
Karnataka,2,18th Lok Sabha,100,CAPTAIN BRIJESH CHOWTA,Lok Sabha,DAKSHINA KANNADA,147000000.0,"Jun 4, 2024 12:00:00 AM","Jun 3, 2029 11:59:59 PM",
Goa,2,18th Lok Sabha,101,CAPTAIN VIRIATO FERNANDES,Lok Sabha,SOUTH GOA,147000000.0,"Jun 4, 2024 12:00:00 AM","Jun 3, 2029 11:59:59 PM",
Telangana,2,18th Lok Sabha,102,CHAMALA KIRAN KUMAR REDDY,Lok Sabha,BHONGIR,147000000.0,"Jun 4, 2024 12:00:00 AM","Jun 3, 2029 11:59:59 PM",
Uttar Pradesh,2,18th Lok Sabha,103,CHANDAN CHAUHAN,Lok Sabha,BIJNOR,147000000.0,"Jun 4, 2024 12:00:00 AM","Jun 3, 2029 11:59:59 PM",
Rajasthan,2,18th Lok Sabha,104,Chandra Prakash Joshi,Lok Sabha,CHITTORGARH,147000000.0,"Jun 4, 2024 12:00:00 AM","Jun 3, 2029 11:59:59 PM",
Uttar Pradesh,2,18th Lok Sabha,105,CHANDRA SHEKHAR,Lok Sabha,NAGINA(SC),147000000.0,"Jun 4, 2024 12:00:00 AM","Jun 3, 2029 11:59:59 PM",
Gujarat,2,18th Lok Sabha,106,CHANDUBHAI CHHAGANBHAI SHIHORA,Lok Sabha,SURENDRANAGAR,147000000.0,"Jun 4, 2024 12:00:00 AM","Jun 3, 2029 11:59:59 PM",
Punjab,2,18th Lok Sabha,107,CHARANJIT SINGH CHANNI,Lok Sabha,JALANDHAR(SC),147000000.0,"Jun 4, 2024 12:00:00 AM","Jun 3, 2029 11:59:59 PM",
Maharashtra,2,18th Lok Sabha,108,CHAVAN VASANTRAO BALWANTRAO,Lok Sabha,NANDED,0.0,"Jun 4, 2024 12:00:00 AM","Aug 26, 2024 11:59:59 PM",
Uttar Pradesh,2,18th Lok Sabha,109,CHHATRA PAL SINGH GANGWAR,Lok Sabha,BAREILLY,147000000.0,"Jun 4, 2024 12:00:00 AM","Jun 3, 2029 11:59:59 PM",
Maharashtra,2,18th Lok Sabha,110,CHHATRAPATI SHAHU SHAHAJI,Lok Sabha,KOLHAPUR,147000000.0,"Jun 4, 2024 12:00:00 AM","Jun 3, 2029 11:59:59 PM",
Uttar Pradesh,2,18th Lok Sabha,111,CHHOTELAL,Lok Sabha,ROBERTSGANJ(SC),147000000.0,"Jun 4, 2024 12:00:00 AM","Jun 3, 2029 11:59:59 PM",
Chhattisgarh,2,18th Lok Sabha,112,CHINTAMANI MAHARAJ,Lok Sabha,SARGUJA(ST),147000000.0,"Jun 4, 2024 12:00:00 AM","Jun 3, 2029 12:00:00 AM",
Bihar,2,18th Lok Sabha,113,CHIRAG PASWAN,Lok Sabha,HAJIPUR(SC),147000000.0,"Jun 4, 2024 12:00:00 AM","Jun 3, 2029 11:59:59 PM",
Tamil Nadu,2,18th Lok Sabha,114,CN Annadurai,Lok Sabha,TIRUVANNAMALAI,148579509.11,"Jun 4, 2024 12:00:00 AM","Jun 3, 2029 11:59:59 PM",
Tamil Nadu,2,18th Lok Sabha,115,D M Kathir Anand,Lok Sabha,VELLORE,160196941.11,"Jun 4, 2024 12:00:00 AM","Jun 3, 2029 11:59:59 PM",
Tamil Nadu,2,18th Lok Sabha,116,D Ravikumar ,Lok Sabha,VILUPPURAM(SC),197598306.11,"Jun 4, 2024 12:00:00 AM","Jun 3, 2029 11:59:59 PM",
Andhra Pradesh,2,18th Lok Sabha,117,Daggubati Purandeshwari,Lok Sabha,RAJAHMUNDRY,147000000.0,"Jun 4, 2024 12:00:00 AM","Jun 3, 2029 11:59:59 PM",
Andhra Pradesh,2,18th Lok Sabha,118,DAGGUMALLA PRASADA RAO,Lok Sabha,CHITTOOR,147000000.0,"Jun 4, 2024 12:00:00 AM","Jun 3, 2029 11:59:59 PM",
Rajasthan,2,18th Lok Sabha,119,DAMODAR AGARWAL,Lok Sabha,BHILWARA,147000000.0,"Jun 4, 2024 12:00:00 AM","Jun 3, 2029 11:59:59 PM",
Uttar Pradesh,2,18th Lok Sabha,120,DAROGA PRASAD SAROJ,Lok Sabha,LALGANJ (SC),147000000.0,"Jun 4, 2024 12:00:00 AM","Jun 3, 2029 11:59:59 PM",
Madhya Pradesh,2,18th Lok Sabha,121,DARSHAN SINGH CHOUDHARY,Lok Sabha,HOSHANGABAD,147000000.0,"Jun 4, 2024 12:00:00 AM","Jun 3, 2029 11:59:59 PM",
Haryana,2,18th Lok Sabha,122,DEEPENDER SINGH HOODA,Lok Sabha,ROHTAK,147000000.0,"Jun 4, 2024 12:00:00 AM","Jun 3, 2029 11:59:59 PM",
Uttar Pradesh,2,18th Lok Sabha,123,Devendra Alias Bhole Singh,Lok Sabha,AKBARPUR,147000000.0,"Jun 4, 2024 12:00:00 AM","Jun 3, 2029 11:59:59 PM",
Bihar,2,18th Lok Sabha,124,DEVESH CHANDRA THAKUR,Lok Sabha,SITAMARHI,163809205.11,"Jun 4, 2024 12:00:00 AM","Jun 3, 2029 11:59:59 PM",
Uttar Pradesh,2,18th Lok Sabha,125,DEVESH SHAKYA,Lok Sabha,ETAH,147000000.0,"Jun 4, 2024 12:00:00 AM","Jun 3, 2029 11:59:59 PM",
Gujarat,2,18th Lok Sabha,126,Devusinh Jesingbhai Chauhan,Lok Sabha,KHEDA,147000000.0,"Jun 4, 2024 12:00:00 AM","Jun 4, 2029 11:59:59 PM",
Maharashtra,2,18th Lok Sabha,127,Dhairyasheel Sambhajirao Mane,Lok Sabha,HATKANANGLE,147000000.0,"Jun 4, 2024 12:00:00 AM","Jun 3, 2029 11:59:59 PM",
Maharashtra,2,18th Lok Sabha,128,DHANORKAR PRATIBHA SURESH ALIAS BALUBHAU,Lok Sabha,CHANDRAPUR,147000000.0,"Jun 4, 2024 12:00:00 AM","Jun 3, 2029 11:59:59 PM",
Odisha,2,18th Lok Sabha,129,DHARMENDRA PRADHAN,Lok Sabha,SAMBALPUR,147000000.0,"Jun 4, 2024 12:00:00 AM","Jun 3, 2029 11:59:59 PM",
Uttar Pradesh,2,18th Lok Sabha,130,DHARMENDRA YADAV,Lok Sabha,AZAMGARH,147000000.0,"Jun 4, 2024 12:00:00 AM","Jun 3, 2029 11:59:59 PM",
Gujarat,2,18th Lok Sabha,131,DHAVAL LAXMANBHAI PATEL,Lok Sabha,VALSAD(ST),147000000.0,"Jun 4, 2024 12:00:00 AM","Jun 3, 2029 11:59:59 PM",
Bihar,2,18th Lok Sabha,132,Dileshwar Kamait ,Lok Sabha,SUPAUL,150450930.89,"Jun 4, 2024 12:00:00 AM","Jun 3, 2029 11:59:59 PM",
Assam,2,18th Lok Sabha,133,Dilip Saikia,Lok Sabha,Darrang-Udalguri,147000000.0,"Jun 4, 2024 12:00:00 AM","Jun 3, 2029 11:59:59 PM",
Bihar,2,18th Lok Sabha,134,Dinesh Chandra Yadav,Lok Sabha,MADHEPURA,150070866.11,"Jun 4, 2024 12:00:00 AM","Jun 3, 2029 11:59:59 PM",
Gujarat,2,18th Lok Sabha,135,DINESHBHAI MAKWANA,Lok Sabha,AHMEDABAD WEST(SC),160434965.11,"Jun 4, 2024 12:00:00 AM","Jun 3, 2029 11:59:59 PM",
Andhra Pradesh,2,18th Lok Sabha,136,DR BYREDDY SHABARI,Lok Sabha,NANDYAL,150675889.11,"Jun 4, 2024 12:00:00 AM","Jun 3, 2029 11:59:59 PM",
Karnataka,2,18th Lok Sabha,137,DR C N MANJUNATH,Lok Sabha,BANGALORE RURAL,147000000.0,"Jun 4, 2024 12:00:00 AM","Jun 3, 2029 11:59:59 PM",
Andhra Pradesh,2,18th Lok Sabha,138,Dr Chandra Sekhar Pemmasani,Lok Sabha,GUNTUR,159774113.11,"Jun 4, 2024 12:00:00 AM","Jun 3, 2029 11:59:59 PM",
Punjab,2,18th Lok Sabha,139,DR DHARAMVIRA GANDHI,Lok Sabha,PATIALA,147000000.0,"Jun 4, 2024 12:00:00 AM","Jun 3, 2029 11:59:59 PM",
West Bengal,2,18th Lok Sabha,140,Dr Jayanta Kumar Roy,Lok Sabha,JALPAIGURI(SC),147000000.0,"Jun 4, 2024 12:00:00 AM","Jun 3, 2029 11:59:59 PM",
Maharashtra,2,18th Lok Sabha,141,DR KALGE SHIVAJI BANDAPPA,Lok Sabha,LATUR(SC),147000000.0,"Jun 4, 2024 12:00:00 AM","Jun 3, 2029 11:59:59 PM",
Bihar,2,18th Lok Sabha,142,Dr Mohammad Jawed,Lok Sabha,KISHANGANJ,148669229.11,"Jun 4, 2024 12:00:00 AM","Jun 3, 2029 11:59:59 PM",
Uttar Pradesh,2,18th Lok Sabha,143,DR RAJKUMAR SANGWAN,Lok Sabha,BAGHPAT,147000000.0,"Jun 4, 2024 12:00:00 AM","Jun 3, 2029 11:59:59 PM",
Tamil Nadu,2,18th Lok Sabha,144,DR RANI SRI KUMAR,Lok Sabha,TENKASI(SC),153060922.82,"Jun 4, 2024 12:00:00 AM","Jun 3, 2029 11:59:59 PM",
Kerala,2,18th Lok Sabha,145,Dr Shashi Tharoor,Lok Sabha,THIRUVANANTHAPURAM,147000000.0,"Jun 4, 2024 12:00:00 AM","Jun 3, 2029 11:59:59 PM",
West Bengal,2,18th Lok Sabha,146,Dr Sukanta Majumdar ,Lok Sabha,BALURGHAT,157085364.9,"Jun 4, 2024 12:00:00 AM","Jun 3, 2029 11:59:59 PM",
Gujarat,2,18th Lok Sabha,147,DR. HEMANG JOSHI,Lok Sabha,VADODARA,147000000.0,"Jun 4, 2024 12:00:00 AM","Jun 3, 2029 11:59:59 PM",
Maharashtra,2,18th Lok Sabha,148,DR. HEMANT VISHNU SAVARA,Lok Sabha,PALGHAR(ST),147000000.0,"Jun 4, 2024 12:00:00 AM","Jun 3, 2029 11:59:59 PM",
Maharashtra,2,18th Lok Sabha,149,DR. KIRSAN NAMDEO,Lok Sabha,GADCHIROLI-CHIMUR(ST),147000000.0,"Jun 4, 2024 12:00:00 AM","Jun 3, 2029 11:59:59 PM",
Madhya Pradesh,2,18th Lok Sabha,150,DR. LATA WANKHEDE,Lok Sabha,SAGAR,147000000.0,"Jun 4, 2024 12:00:00 AM","Jun 3, 2029 11:59:59 PM",
Kerala,2,18th Lok Sabha,151,DR. M.P ABDUSSAMAD SAMADANI,Lok Sabha,PONNANI,170434031.11,"Jun 4, 2024 12:00:00 AM","Jun 3, 2029 11:59:59 PM",
Gujarat,2,18th Lok Sabha,152,DR. MANSUKH MANDAVIYA,Lok Sabha,PORBANDAR,147000000.0,"Jun 4, 2024 12:00:00 AM","Jun 3, 2029 11:59:59 PM",
Karnataka,2,18th Lok Sabha,153,DR. PRABHA MALLIKARJUN,Lok Sabha,DAVANAGERE,147000000.0,"Jun 4, 2024 12:00:00 AM","Jun 3, 2029 11:59:59 PM",
Odisha,2,18th Lok Sabha,154,DR. PRADEEP KUMAR PANIGRAHY,Lok Sabha,BERHAMPUR,147000000.0,"Jun 4, 2024 12:00:00 AM","Jun 3, 2029 11:59:59 PM",
Maharashtra,2,18th Lok Sabha,155,DR. PRASHANT YADAORAO PADOLE,Lok Sabha,BHANDARA-GONDIYA,159680283.39,"Jun 4, 2024 12:00:00 AM","Jun 3, 2029 11:59:59 PM",
Punjab,2,18th Lok Sabha,156,DR. RAJ KUMAR CHABBEWAL,Lok Sabha,HOSHIARPUR(SC),147000000.0,"Jun 4, 2024 12:00:00 AM","Jun 3, 2029 11:59:59 PM",
Madhya Pradesh,2,18th Lok Sabha,157,DR. RAJESH MISHRA,Lok Sabha,SIDHI,262724510.35,"Jun 4, 2024 12:00:00 AM","Jun 3, 2029 11:59:59 PM",
Uttar Pradesh,2,18th Lok Sabha,158,DR. S P SINGH,Lok Sabha,PRATAPGARH,147000000.0,"Jun 4, 2024 12:00:00 AM","Jun 3, 2029 11:59:59 PM",
West Bengal,2,18th Lok Sabha,159,DR. SHARMILA SARKAR,Lok Sabha,BARDHAMAN PURBA(SC),147000000.0,"Jun 4, 2024 12:00:00 AM","Jun 3, 2029 11:59:59 PM",
Karnataka,2,18th Lok Sabha,160,DR.K.SUDHAKAR,Lok Sabha,CHIKBALLAPUR,147000000.0,"Jun 4, 2024 12:00:00 AM","Jun 3, 2029 11:59:59 PM",
Telangana,2,18th Lok Sabha,161,DR.MALLU RAVI,Lok Sabha,NAGARKURNOOL(SC),147000000.0,"Jun 4, 2024 12:00:00 AM","Jun 3, 2029 11:59:59 PM",
Jharkhand,2,18th Lok Sabha,162,DULU MAHATO,Lok Sabha,DHANBAD,147000000.0,"Jun 4, 2024 12:00:00 AM","Jun 3, 2029 11:59:59 PM",
Tamil Nadu,2,18th Lok Sabha,163,DURAI VAIKO,Lok Sabha,TIRUCHIRAPPALLI,147000000.0,"Jun 4, 2024 12:00:00 AM","Jun 3, 2029 11:59:59 PM",
Madhya Pradesh,2,18th Lok Sabha,164,Durga Das Uikey ,Lok Sabha,BETUL(ST),151569502.91,"Jun 4, 2024 12:00:00 AM","Jun 3, 2029 11:59:59 PM",
Rajasthan,2,18th Lok Sabha,165,Dushyant Singh,Lok Sabha,JHALAWAR-BARAN,147000000.0,"Jun 4, 2024 12:00:00 AM","Jun 3, 2029 11:59:59 PM",
Karnataka,2,18th Lok Sabha,166,E. TUKARAM,Lok Sabha,BELLARY(ST),147000000.0,"Jun 4, 2024 12:00:00 AM","Jun 3, 2029 11:59:59 PM",
Kerala,2,18th Lok Sabha,167,E.T. MOHAMMED BASHEER,Lok Sabha,MALAPPURAM,163895872.11,"Jun 4, 2024 12:00:00 AM","Jun 3, 2029 11:59:59 PM",
Telangana,2,18th Lok Sabha,168,EATALA RAJENDER,Lok Sabha,MALKAJGIRI,327477390.86,"Jun 4, 2024 12:00:00 AM","Jun 3, 2029 11:59:59 PM",
Tamil Nadu,2,18th Lok Sabha,169,ESWARASAMY K,Lok Sabha,POLLACHI,162315106.11,"Jun 4, 2024 12:00:00 AM","Jun 3, 2029 11:59:59 PM",
Madhya Pradesh,2,18th Lok Sabha,170,Faggan Singh Kulaste,Lok Sabha,MANDLA(ST),151861648.41,"Jun 4, 2024 12:00:00 AM","Jun 3, 2029 11:59:59 PM",
Karnataka,2,18th Lok Sabha,171,G. KUMAR NAIK,Lok Sabha,RAICHUR(ST),147000000.0,"Jun 4, 2024 12:00:00 AM","Jun 3, 2029 11:59:59 PM",
Maharashtra,2,18th Lok Sabha,172,GAIKWAD VARSHA EKNATH,Lok Sabha,MUMBAI NORTH-CENTRAL,147000000.0,"Jun 4, 2024 12:00:00 AM","Jun 3, 2029 11:59:59 PM",
Madhya Pradesh,2,18th Lok Sabha,173,Gajendra Singh Patel,Lok Sabha,KHARGONE(ST),147000000.0,"Jun 4, 2024 12:00:00 AM","Jun 3, 2029 11:59:59 PM",
Rajasthan,2,18th Lok Sabha,174,Gajendra Singh Shekhawat,Lok Sabha,JODHPUR,147000000.0,"Jun 4, 2024 12:00:00 AM","Jun 3, 2029 11:59:59 PM",
Tamil Nadu,2,18th Lok Sabha,175,GANAPATHY RAJKUMAR P,Lok Sabha,COIMBATORE,147370490.11,"Jun 4, 2024 12:00:00 AM","Jun 3, 2029 11:59:59 PM",
Tamil Nadu,2,18th Lok Sabha,176,Ganesan Selvam,Lok Sabha,KANCHEEPURAM(SC),186508749.11,"Jun 4, 2024 12:00:00 AM","Jun 3, 2029 11:59:59 PM",
Madhya Pradesh,2,18th Lok Sabha,177,Ganesh Singh,Lok Sabha,SATNA,147000000.0,"Jun 4, 2024 12:00:00 AM","Jun 3, 2029 11:59:59 PM",
Assam,2,18th Lok Sabha,178,GAURAV GOGOI,Lok Sabha,JORHAT,147000000.0,"Jun 4, 2024 12:00:00 AM","Jun 3, 2029 11:59:59 PM",
Gujarat,2,18th Lok Sabha,179,GENIBEN NAGAJI THAKOR,Lok Sabha,BANASKANTHA,147000000.0,"Jun 4, 2024 12:00:00 AM","Jun 3, 2029 11:59:59 PM",
Bihar,2,18th Lok Sabha,180,Giridhari Yadav,Lok Sabha,BANKA,147000000.0,"Jun 4, 2024 12:00:00 AM","Jun 3, 2029 11:59:59 PM",
Bihar,2,18th Lok Sabha,181,Giriraj Singh,Lok Sabha,BEGUSARAI,147000000.0,"Jun 4, 2024 12:00:00 AM","Jun 3, 2029 11:59:59 PM",
Andhra Pradesh,2,18th Lok Sabha,182,GM Harish Balayogi,Lok Sabha,AMALAPURAM(SC),147000000.0,"Jun 4, 2024 12:00:00 AM","Jun 3, 2029 11:59:59 PM",
Telangana,2,18th Lok Sabha,183,GODAM NAGESH,Lok Sabha,ADILABAD(ST),147000000.0,"Jun 4, 2024 12:00:00 AM","Jun 3, 2029 11:59:59 PM",
Tamil Nadu,2,18th Lok Sabha,184,GOPINATH K,Lok Sabha,KRISHNAGIRI,147000000.0,"Jun 4, 2024 12:00:00 AM","Jun 3, 2029 11:59:59 PM",
Karnataka,2,18th Lok Sabha,185,GOVIND MAKTHAPPA KARJOL,Lok Sabha,CHITRADURGA(SC),147000000.0,"Jun 4, 2024 12:00:00 AM","Jun 3, 2029 11:59:59 PM",
Andhra Pradesh,2,18th Lok Sabha,186,Gumma Thanuja Rani,Lok Sabha,ARAKU(ST),149458905.11,"Jun 4, 2024 12:00:00 AM","Jun 3, 2029 11:59:59 PM",
Punjab,2,18th Lok Sabha,187,GURMEET SINGH MEET HAYER,Lok Sabha,SANGRUR,147000000.0,"Jun 4, 2024 12:00:00 AM","Jun 3, 2029 11:59:59 PM",
Madhya Pradesh,2,18th Lok Sabha,188,Gyaneshwar Patil,Lok Sabha,KHANDWA,155690684.77,"Jun 4, 2024 12:00:00 AM","Jun 3, 2029 11:59:59 PM",
Karnataka,2,18th Lok Sabha,189,H.D. KUMARASWAMY,Lok Sabha,MANDYA,147000000.0,"Jul 4, 2024 12:00:00 AM","Jun 3, 2029 11:59:59 PM",
Uttar Pradesh,2,18th Lok Sabha,190,HARENDRA SINGH MALIK,Lok Sabha,MUZAFFARNAGAR,147000000.0,"Jun 4, 2024 12:00:00 AM","Jun 3, 2029 11:59:59 PM",
Gujarat,2,18th Lok Sabha,191,HARIBHAI PATEL,Lok Sabha,MAHESANA,147000000.0,"Jun 4, 2024 12:00:00 AM","Jun 3, 2029 11:59:59 PM",
Rajasthan,2,18th Lok Sabha,192,HARISH CHANDRA MEENA,Lok Sabha,TONK-SAWAI MADHOPUR,147000000.0,"Jun 4, 2024 12:00:00 AM","Jun 3, 2029 11:59:59 PM",
Delhi,2,18th Lok Sabha,193,Harsh Malhotra,Lok Sabha,EAST DELHI,147134131.0,"Jun 4, 2024 12:00:00 AM","Jun 3, 2029 11:59:59 PM",
Gujarat,2,18th Lok Sabha,194,Hasmukh Bhai Soma Bhai Patel,Lok Sabha,AHMEDABAD EAST,147000000.0,"Jun 4, 2024 12:00:00 AM","Jun 3, 2029 11:59:59 PM",
Uttar Pradesh,2,18th Lok Sabha,195,IMRAN MASOOD,Lok Sabha,SAHARANPUR,147000000.0,"Jun 4, 2024 12:00:00 AM","Jun 3, 2029 11:59:59 PM",
Sikkim,2,18th Lok Sabha,196,Indra Hang Subba,Lok Sabha,SIKKIM,152003923.11,"Jun 4, 2024 12:00:00 AM","Jun 3, 2029 11:59:59 PM",
Uttar Pradesh,2,18th Lok Sabha,197,IQRA CHOUDHARY,Lok Sabha,KAIRANA,147000000.0,"Jun 4, 2024 12:00:00 AM","Jun 3, 2029 11:59:59 PM",
West Bengal,2,18th Lok Sabha,198,ISHA KHAN CHOUDHURY,Lok Sabha,MALDAHA DAKSHIN,147000000.0,"Jun 4, 2024 12:00:00 AM","Jun 3, 2029 11:59:59 PM",
West Bengal,2,18th Lok Sabha,199,JAGADISH CHANDRA BARMA BASUNIA,Lok Sabha,COOCHBEHAR(SC),168604641.11,"Jun 4, 2024 12:00:00 AM","Jun 3, 2029 11:59:59 PM",
Karnataka,2,18th Lok Sabha,200,JAGADISH SHETTAR,Lok Sabha,BELGAUM,147000000.0,"Jun 4, 2024 12:00:00 AM","Jun 3, 2029 11:59:59 PM",
West Bengal,2,18th Lok Sabha,201,Jagannath Sarkar,Lok Sabha,RANAGHAT(SC),147000000.0,"Jun 4, 2024 12:00:00 AM","Jun 3, 2029 11:59:59 PM",
Uttar Pradesh,2,18th Lok Sabha,202,Jagdambika Pal,Lok Sabha,DOMARIYAGANJ,160643957.11,"Jun 4, 2024 12:00:00 AM","Jun 3, 2029 11:59:59 PM",
Haryana,2,18th Lok Sabha,203,JAI PARKASH,Lok Sabha,HISAR,147000000.0,"Jun 4, 2024 12:00:00 AM","Jun 3, 2029 11:59:59 PM",
Uttar Pradesh,2,18th Lok Sabha,204,Jai Prakash,Lok Sabha,HARDOI (SC),147000000.0,"Jun 4, 2024 12:00:00 AM","Jun 3, 2029 11:59:59 PM",
Madhya Pradesh,2,18th Lok Sabha,205,Janardan Mishra,Lok Sabha,REWA,147000000.0,"Jun 4, 2024 12:00:00 AM","Jun 3, 2029 11:59:59 PM",
Gujarat,2,18th Lok Sabha,206,JASHUBHAI BHILUBHAI RATHVA,Lok Sabha,CHHOTA UDAIPUR(ST),147000000.0,"Jun 4, 2024 12:00:00 AM","Jun 3, 2029 11:59:59 PM",
Gujarat,2,18th Lok Sabha,207,Jaswantsinh Sumanbhai Bhabhor,Lok Sabha,DAHOD(ST),147000000.0,"Jun 4, 2024 12:00:00 AM","Jun 3, 2029 11:59:59 PM",
Bihar,2,18th Lok Sabha,208,JITAN RAM MANJHI,Lok Sabha,GAYA (SC),147000000.0,"Jun 4, 2024 12:00:00 AM","Jun 3, 2029 11:59:59 PM",
Uttar Pradesh,2,18th Lok Sabha,209,JITENDRA KUMAR DOHARE,Lok Sabha,ETAWAH(SC),188747306.26,"Jun 4, 2024 12:00:00 AM","Jun 3, 2029 11:59:59 PM",
Jammu And Kashmir,2,18th Lok Sabha,210,Jitendra Singh,Lok Sabha,UDHAMPUR,147000000.0,"Jun 4, 2024 12:00:00 AM","Jun 3, 2029 11:59:59 PM",
Uttar Pradesh,2,18th Lok Sabha,211,JITIN PRASADA,Lok Sabha,PILIBHIT,147000000.0,"Jun 4, 2024 12:00:00 AM","Jun 3, 2029 11:59:59 PM",
Jharkhand,2,18th Lok Sabha,212,JOBA MAJHI,Lok Sabha,SINGHBHUM(ST),147000000.0,"Jun 4, 2024 12:00:00 AM","Jun 3, 2029 11:59:59 PM",
Assam,2,18th Lok Sabha,213,JOYANTA BASUMATARY,Lok Sabha,KOKRAJHAR (ST),147000000.0,"Jun 4, 2024 12:00:00 AM","Jun 3, 2029 11:59:59 PM",
West Bengal,2,18th Lok Sabha,214,JUNE MALIAH,Lok Sabha,MEDINIPUR,147000000.0,"Jun 4, 2024 12:00:00 AM","Jun 3, 2029 11:59:59 PM",
Madhya Pradesh,2,18th Lok Sabha,215,JYOTIRADITYA M. SCINDIA,Lok Sabha,GUNA,147000000.0,"Jun 4, 2024 12:00:00 AM","Jun 3, 2029 12:00:00 AM",
Chhattisgarh,2,18th Lok Sabha,216,Jyotsna Charandas Mahant ,Lok Sabha,KORBA,155153738.11,"Jun 4, 2024 12:00:00 AM","Jun 3, 2029 11:59:59 PM",
Tamil Nadu,2,18th Lok Sabha,217,K E PRAKASH,Lok Sabha,ERODE,147000000.0,"Jun 4, 2024 12:00:00 AM","Jun 3, 2029 11:59:59 PM",
Kerala,2,18th Lok Sabha,218,K RADHAKRISHNAN,Lok Sabha,ALATHUR(SC),147000000.0,"Jun 4, 2024 12:00:00 AM","Jun 3, 2029 11:59:59 PM",
Tamil Nadu,2,18th Lok Sabha,219,K Subbarayan,Lok Sabha,TIRUPPUR,147000000.0,"Jun 4, 2024 12:00:00 AM","Jun 3, 2029 11:59:59 PM",
Kerala,2,18th Lok Sabha,220,K. C VENUGOPAL,Lok Sabha,ALAPPUZHA,147000000.0,"Jun 4, 2024 12:00:00 AM","Jun 3, 2029 11:59:59 PM",
Karnataka,2,18th Lok Sabha,221,K. RAJASHEKAR BASAVARAJ HITNAL,Lok Sabha,KOPPAL,147000000.0,"Jun 4, 2024 12:00:00 AM","Jun 3, 2029 11:59:59 PM",
Telangana,2,18th Lok Sabha,222,KADIYAM KAVYA,Lok Sabha,WARANGEL(SC),147000000.0,"Jun 4, 2024 12:00:00 AM","Jun 3, 2029 11:59:59 PM",
West Bengal,2,18th Lok Sabha,223,Kakoli Ghosh Dastidar ,Lok Sabha,BARASAT,147000000.0,"Jun 4, 2024 12:00:00 AM","Jun 3, 2029 11:59:59 PM",
The Dadra And Nagar Haveli And Daman And Diu,2,18th Lok Sabha,224,Kalaben Mohanbhai Delkar,Lok Sabha,DADRA & NAGAR HAVELI (ST),147000000.0,"Jun 4, 2024 12:00:00 AM","Jun 3, 2029 11:59:59 PM",
Tamil Nadu,2,18th Lok Sabha,225,Kalanidhi Veeraswamy,Lok Sabha,CHENNAI NORTH,171500000.0,"Jun 4, 2024 12:00:00 AM","Jun 3, 2029 11:59:59 PM",
Jharkhand,2,18th Lok Sabha,226,KALI CHARAN MUNDA,Lok Sabha,KHUNTI(ST),147000000.0,"Jun 4, 2024 12:00:00 AM","Jun 3, 2029 11:59:59 PM",
Jharkhand,2,18th Lok Sabha,227,KALI CHARAN SINGH,Lok Sabha,CHATRA,147000000.0,"Jun 4, 2024 12:00:00 AM","Jun 3, 2029 11:59:59 PM",
West Bengal,2,18th Lok Sabha,228,KALIPADA SAREN,Lok Sabha,JHARGRAM(ST),147000000.0,"Jun 4, 2024 12:00:00 AM","Jun 3, 2029 11:59:59 PM",
West Bengal,2,18th Lok Sabha,229,Kalyan Banerjee,Lok Sabha,SREERAMPUR,147000000.0,"Jun 4, 2024 12:00:00 AM","Jun 3, 2029 11:59:59 PM",
Maharashtra,2,18th Lok Sabha,230,KALYAN VAIJINATHRAO KALE,Lok Sabha,JALNA,147000000.0,"Jun 4, 2024 12:00:00 AM","Jun 3, 2029 11:59:59 PM",
Assam,2,18th Lok Sabha,231,KAMAKHYA PRASAD TASA,Lok Sabha,Kaziranga,147000000.0,"Jun 4, 2024 12:00:00 AM","Jun 3, 2029 11:59:59 PM",
Delhi,2,18th Lok Sabha,232,Kamaljeet Sehrawat,Lok Sabha,WEST DELHI,147000000.0,"Jun 4, 2024 12:00:00 AM","Jun 3, 2029 11:59:59 PM",
Chhattisgarh,2,18th Lok Sabha,233,KAMLESH JANGDE,Lok Sabha,JANJGIR CHAMPA(SC),150384382.11,"Jun 4, 2024 12:00:00 AM","Jun 3, 2029 11:59:59 PM",
Uttar Pradesh,2,18th Lok Sabha,234,Kamlesh Paswan,Lok Sabha,BANSGAON(SC),147000000.0,"Jun 4, 2024 12:00:00 AM","Jun 3, 2029 11:59:59 PM",
Himachal Pradesh,2,18th Lok Sabha,235,Kangana Ranaut,Lok Sabha,MANDI,147000000.0,"Jun 4, 2024 12:00:00 AM","Jun 3, 2029 11:59:59 PM",
Tamil Nadu,2,18th Lok Sabha,236,Kani K Navas,Lok Sabha,RAMANATHAPURAM,147000000.0,"Jun 4, 2024 12:00:00 AM","Jun 3, 2029 11:59:59 PM",
Tamil Nadu,2,18th Lok Sabha,237,Kanimozhi Karunanidhi,Lok Sabha,THOOTHUKKUDI,147000000.0,"Jun 4, 2024 12:00:00 AM","Jun 3, 2029 11:59:59 PM",
Uttar Pradesh,2,18th Lok Sabha,238,KANWAR SINGH TANWAR,Lok Sabha,AMROHA,147000000.0,"Jun 4, 2024 12:00:00 AM","Jun 3, 2029 12:00:00 AM",
Uttar Pradesh,2,18th Lok Sabha,239,KARAN BHUSHAN SINGH,Lok Sabha,KAISERGANJ,147000000.0,"Jun 4, 2024 12:00:00 AM","Jun 3, 2029 11:59:59 PM",
West Bengal,2,18th Lok Sabha,240,KARTICK CHANDRA PAUL,Lok Sabha,RAIGANJ,202677986.56,"Jun 4, 2024 12:00:00 AM","Jun 3, 2029 11:59:59 PM",
Bihar,2,18th Lok Sabha,241,Kaushalendra Kumar,Lok Sabha,NALANDA,147000000.0,"Jun 4, 2024 12:00:00 AM","Jun 3, 2029 11:59:59 PM",
West Bengal,2,18th Lok Sabha,242,Khagen Murmu,Lok Sabha,MALDAHA UTTAR,147000000.0,"Jun 4, 2024 12:00:00 AM","Jun 3, 2029 11:59:59 PM",
West Bengal,2,18th Lok Sabha,243,Khalilur Rahaman ,Lok Sabha,JANGIPUR,147000000.0,"Jun 4, 2024 12:00:00 AM","Jun 3, 2029 11:59:59 PM",
Andhra Pradesh,2,18th Lok Sabha,244,Kinjarapu Ram Mohan Naidu,Lok Sabha,SRIKAKULAM,171200630.11,"Jun 4, 2024 12:00:00 AM","Jun 3, 2029 11:59:59 PM",
Arunachal Pradesh,2,18th Lok Sabha,245,Kiren Rijiju,Lok Sabha,ARUNACHAL WEST,147000000.0,"Jun 4, 2024 12:00:00 AM","Jun 3, 2029 11:59:59 PM",
Uttar Pradesh,2,18th Lok Sabha,246,Kirti Vardhan Singh,Lok Sabha,GONDA,147000000.0,"Jun 4, 2024 12:00:00 AM","Jun 3, 2029 12:00:00 AM",
Telangana,2,18th Lok Sabha,247,Kishan Reddy Gangapuram,Lok Sabha,SECUNDERABAD,147000000.0,"Jun 4, 2024 12:00:00 AM","Jun 3, 2029 11:59:59 PM",
Uttar Pradesh,2,18th Lok Sabha,248,KISHORI LAL,Lok Sabha,AMETHI,171500000.0,"Jun 4, 2024 12:00:00 AM","Jun 3, 2029 11:59:59 PM",
Telangana,2,18th Lok Sabha,249,KONDA VISHWESHWAR REDDY,Lok Sabha,CHELVELLA,233721420.96,"Jun 4, 2024 12:00:00 AM","Jun 3, 2029 11:59:59 PM",
Karnataka,2,18th Lok Sabha,250,KOTA SRINIVAS POOJARY,Lok Sabha,UDUPI CHIKMAGALUR,147000000.0,"Jun 4, 2024 12:00:00 AM","Jun 3, 2029 11:59:59 PM",
Assam,2,18th Lok Sabha,251,Kripanath Mallah,Lok Sabha,KARIMGANJ (SC),147000000.0,"Jun 4, 2024 12:00:00 AM","Jun 3, 2029 11:59:59 PM",
Haryana,2,18th Lok Sabha,252,Krishan Pal Gurjar,Lok Sabha,FARIDABAD,147000000.0,"Jun 4, 2024 12:00:00 AM","Jun 3, 2029 12:00:00 AM",
Uttar Pradesh,2,18th Lok Sabha,253,KRISHNA DEVI SHIVSHANKER PATEL,Lok Sabha,BANDA,147000000.0,"Jun 4, 2024 12:00:00 AM","Jun 3, 2029 11:59:59 PM",
Andhra Pradesh,2,18th Lok Sabha,254,Krishna Prasad Tenneti,Lok Sabha,BAPATLA,167796849.11,"Jun 4, 2024 12:00:00 AM","Jun 3, 2029 11:59:59 PM",
Tripura,2,18th Lok Sabha,255,KRITI DEVI DEBBARMAN,Lok Sabha,TRIPURA EAST(ST),147000000.0,"Jun 4, 2024 12:00:00 AM","Jun 3, 2029 11:59:59 PM",
Rajasthan,2,18th Lok Sabha,256,KULDEEP INDORA,Lok Sabha,GANGANAGAR(SC),147000000.0,"Jun 4, 2024 12:00:00 AM","Jun 3, 2029 11:59:59 PM",
Telangana,2,18th Lok Sabha,257,KUNDURU RAGHUVEER,Lok Sabha,NALGONDA,162952022.0,"Jun 4, 2024 12:00:00 AM","Jun 3, 2029 11:59:59 PM",
Uttar Pradesh,2,18th Lok Sabha,258,LALJI VERMA,Lok Sabha,AMBEDKAR NAGAR,147000000.0,"Jun 4, 2024 12:00:00 AM","Jun 3, 2029 11:59:59 PM",
Andhra Pradesh,2,18th Lok Sabha,259,Lavu Sri Krishna Devarayalu,Lok Sabha,NARASARAOPET,174009663.11,"Jun 4, 2024 12:00:00 AM","Jun 3, 2029 11:59:59 PM",
Uttar Pradesh,2,18th Lok Sabha,260,LAXMIKANT PAPPU NISHAD,Lok Sabha,SANT KABIR NAGAR,147000000.0,"Jun 4, 2024 12:00:00 AM","Jun 3, 2029 11:59:59 PM",
Bihar,2,18th Lok Sabha,261,LOVELY ANAND,Lok Sabha,SHEOHAR,147000000.0,"Jun 4, 2024 12:00:00 AM","Jun 3, 2029 12:00:00 AM",
Rajasthan,2,18th Lok Sabha,262,LUMBARAM,Lok Sabha,JALORE,147000000.0,"Jun 4, 2024 12:00:00 AM","Jun 3, 2029 11:59:59 PM",
Karnataka,2,18th Lok Sabha,263,M. MALLESH BABU,Lok Sabha,KOLAR(SC),147065957.11,"Jun 4, 2024 12:00:00 AM","Jun 3, 2029 11:59:59 PM",
Tamil Nadu,2,18th Lok Sabha,264,M.K. VISHNUPRASAD,Lok Sabha,CUDDALORE,147000000.0,"Jun 4, 2024 12:00:00 AM","Jun 3, 2029 11:59:59 PM",
Andhra Pradesh,2,18th Lok Sabha,265,Maddila Gurumoorthy,Lok Sabha,TIRUPATI(SC),180399007.0,"Jun 4, 2024 12:00:00 AM","Jun 3, 2029 11:59:59 PM",
Telangana,2,18th Lok Sabha,266,MADHAVANENI RAGHUNANDAN RAO,Lok Sabha,MEDAK,147000000.0,"Jun 4, 2024 12:00:00 AM","Jun 3, 2029 11:59:59 PM",
Andhra Pradesh,2,18th Lok Sabha,267,Magunta Sreenivasulu Reddy,Lok Sabha,ONGOLE,147000000.0,"Jun 4, 2024 12:00:00 AM","Jun 3, 2029 12:00:00 AM",
Madhya Pradesh,2,18th Lok Sabha,268,Mahendra Singh Solanky,Lok Sabha,DEWAS(SC),147000000.0,"Jun 4, 2024 12:00:00 AM","Jun 3, 2029 11:59:59 PM",
Chhattisgarh,2,18th Lok Sabha,269,MAHESH KASHYAP,Lok Sabha,BASTAR(ST),147000000.0,"Jun 4, 2024 12:00:00 AM","Jun 3, 2029 11:59:59 PM",
Uttar Pradesh,2,18th Lok Sabha,270,Mahesh Sharma,Lok Sabha,GAUTAM BUDDHA NAGAR,148816284.11,"Jun 4, 2024 12:00:00 AM","Jun 3, 2029 11:59:59 PM",
Rajasthan,2,18th Lok Sabha,271,MAHIMA KUMARI MEWAR,Lok Sabha,RAJSAMAND,183892143.0,"Jun 4, 2024 12:00:00 AM","Jun 3, 2029 11:59:59 PM",
Uttarakhand,2,18th Lok Sabha,272,Mala Rajya Laxmi Shah ,Lok Sabha,TEHRI GARHWAL,147000000.0,"Jun 4, 2024 12:00:00 AM","Jun 3, 2029 11:59:59 PM",
West Bengal,2,18th Lok Sabha,273,Mala Roy ,Lok Sabha,KOLKATA DAKSHIN,147000000.0,"Jun 4, 2024 12:00:00 AM","Jun 3, 2029 11:59:59 PM",
Tamil Nadu,2,18th Lok Sabha,274,MALAIYARASAN D,Lok Sabha,KALLAKURICHI,201599593.0,"Jun 4, 2024 12:00:00 AM","Jun 3, 2029 11:59:59 PM",
Odisha,2,18th Lok Sabha,275,MALVIKA DEVI,Lok Sabha,KALAHANDI,147000000.0,"Jun 4, 2024 12:00:00 AM","Jun 3, 2029 11:59:59 PM",
Punjab,2,18th Lok Sabha,276,MALVINDER SINGH KANG,Lok Sabha,ANANDPUR SAHIB,147000000.0,"Jun 4, 2024 12:00:00 AM","Jun 3, 2029 11:59:59 PM",
Tamil Nadu,2,18th Lok Sabha,277,MANI. A.,Lok Sabha,DHARAMAPURI,164515071.11,"Jun 4, 2024 12:00:00 AM","Jun 3, 2029 11:59:59 PM",
Tamil Nadu,2,18th Lok Sabha,278,Manickam Tagore B,Lok Sabha,VIRUDHUNAGAR,147000000.0,"Jun 4, 2024 12:00:00 AM","Jun 3, 2029 11:59:59 PM",
Jharkhand,2,18th Lok Sabha,279,MANISH JAISWAL,Lok Sabha,HAZARIBAGH,147000000.0,"Jun 4, 2024 12:00:00 AM","Jun 3, 2029 11:59:59 PM",
Chandigarh,2,18th Lok Sabha,280,MANISH TEWARI,Lok Sabha,CHANDIGARH,178351443.75,"Jun 4, 2024 12:00:00 AM","Jun 3, 2029 11:59:59 PM",
Rajasthan,2,18th Lok Sabha,281,MANJU SHARMA,Lok Sabha,JAIPUR,167082901.11,"Jun 4, 2024 12:00:00 AM","Jun 3, 2029 11:59:59 PM",
Rajasthan,2,18th Lok Sabha,282,MANNA LAL RAWAT,Lok Sabha,UDAIPUR(ST),147000000.0,"Jun 4, 2024 12:00:00 AM","Jun 3, 2029 11:59:59 PM",
Haryana,2,18th Lok Sabha,283,MANOHAR LAL,Lok Sabha,KARNAL,147000000.0,"Jun 4, 2024 12:00:00 AM","Jun 3, 2029 11:59:59 PM",
Bihar,2,18th Lok Sabha,284,MANOJ KUMAR,Lok Sabha,SASARAM(SC),147000000.0,"Jun 4, 2024 12:00:00 AM","Jun 3, 2029 11:59:59 PM",
West Bengal,2,18th Lok Sabha,285,MANOJ TIGGA,Lok Sabha,ALIPURDUARS(ST),147000000.0,"Jun 4, 2024 12:00:00 AM","Jun 3, 2029 11:59:59 PM",
Delhi,2,18th Lok Sabha,286,Manoj Tiwari,Lok Sabha,NORTH EAST DELHI,225843858.0,"Jun 4, 2024 12:00:00 AM","Jun 3, 2029 11:59:59 PM",
Gujarat,2,18th Lok Sabha,287,Mansukhbhai Dhanjibhai Vasava,Lok Sabha,BHARUCH,147000000.0,"Jun 4, 2024 12:00:00 AM","Jun 3, 2029 11:59:59 PM",
Jammu And Kashmir,2,18th Lok Sabha,288,MIAN ALTAF AHMAD,Lok Sabha,ANANTNAG,147000000.0,"Jun 4, 2024 12:00:00 AM","Jun 3, 2029 11:59:59 PM",
Andhra Pradesh,2,18th Lok Sabha,289,Midhun Reddy,Lok Sabha,RAJAMPET,178951477.11,"Jun 4, 2024 12:00:00 AM","Jun 3, 2029 11:59:59 PM",
Bihar,2,18th Lok Sabha,290,MISHA BHARTI,Lok Sabha,PATALIPUTRA,147000000.0,"Jun 4, 2024 12:00:00 AM","Jun 3, 2029 11:59:59 PM",
Gujarat,2,18th Lok Sabha,291,Mitesh Rameshbhai Bakabhai Patel,Lok Sabha,ANAND,147000000.0,"Jun 4, 2024 12:00:00 AM","Jun 3, 2029 11:59:59 PM",
Ladakh,2,18th Lok Sabha,292,Mohamed Haneefa,Lok Sabha,LADAKH,161114542.0,"Jun 4, 2024 12:00:00 AM","Jun 3, 2029 12:00:00 AM",
Uttar Pradesh,2,18th Lok Sabha,293,MOHIBBULLAH,Lok Sabha,RAMPUR,147000000.0,"Jun 4, 2024 12:00:00 AM","Jun 3, 2029 11:59:59 PM",
Maharashtra,2,18th Lok Sabha,294,MOHITE PATIL DHAIRYASHEEL RAJSINH,Lok Sabha,MADHA,195613601.7,"Jun 4, 2024 12:00:00 AM","Jun 3, 2029 11:59:59 PM",
Bihar,2,18th Lok Sabha,295,Mr Gopal Jee Thakur,Lok Sabha,DARBHANGA,147000000.0,"Jun 4, 2024 12:00:00 AM","Jun 3, 2029 11:59:59 PM",
West Bengal,2,18th Lok Sabha,296,Ms Mahua Moitra,Lok Sabha,KRISHNANAGAR,159865046.0,"Jun 4, 2024 12:00:00 AM","Jun 3, 2029 11:59:59 PM",
Lakshadweep,2,18th Lok Sabha,297,MUHAMMED HAMDULLAH SAYEED,Lok Sabha,LAKSHADWEEP(ST),153942460.41,"Jun 4, 2024 12:00:00 AM","Jun 3, 2029 11:59:59 PM",
Uttar Pradesh,2,18th Lok Sabha,298,Mukesh Rajput,Lok Sabha,FARRUKHABAD,147000000.0,"Jun 4, 2024 12:00:00 AM","Jun 3, 2029 11:59:59 PM",
Gujarat,2,18th Lok Sabha,299,MUKESHKUMAR CHANDRAKAANT DALAL,Lok Sabha,SURAT,147000000.0,"Jun 4, 2024 12:00:00 AM","Jun 3, 2029 11:59:59 PM",
Rajasthan,2,18th Lok Sabha,300,MURARI LAL MEENA,Lok Sabha,DAUSA(ST),147000000.0,"Jun 4, 2024 12:00:00 AM","Jun 3, 2029 11:59:59 PM",
Tamil Nadu,2,18th Lok Sabha,301,MURASOLI S,Lok Sabha,THANJAVUR,147000000.0,"Jun 4, 2024 12:00:00 AM","Jun 3, 2029 11:59:59 PM",
Maharashtra,2,18th Lok Sabha,302,MURLIDHAR MOHOL,Lok Sabha,PUNE,147000000.0,"Jun 4, 2024 12:00:00 AM","Jun 3, 2029 11:59:59 PM",
Odisha,2,18th Lok Sabha,303,NABA CHARAN MAJHI,Lok Sabha,MAYURBHANJ (ST),147563957.11,"Jun 4, 2024 12:00:00 AM","Jun 3, 2029 11:59:59 PM",
Jharkhand,2,18th Lok Sabha,304,NALIN SOREN,Lok Sabha,DUMKA(ST),147364097.11,"Jun 4, 2024 12:00:00 AM","Jun 3, 2029 11:59:59 PM",
Uttar Pradesh,2,18th Lok Sabha,305,NARAYAN DAS AHIRWAR,Lok Sabha,JALAUN(SC),147000000.0,"Jun 4, 2024 12:00:00 AM","Jun 3, 2029 11:59:59 PM",
Maharashtra,2,18th Lok Sabha,306,NARAYAN TATU RANE,Lok Sabha,RATNAGIRI-SINDHUDURG,147000000.0,"Jun 4, 2024 12:00:00 AM","Jun 3, 2029 11:59:59 PM",
Uttar Pradesh,2,18th Lok Sabha,307,NARESH CHANDRA UTTAM PATEL,Lok Sabha,FATEHPUR,147000000.0,"Jun 4, 2024 12:00:00 AM","Jun 3, 2029 11:59:59 PM",
Maharashtra,2,18th Lok Sabha,308,NARESH GANPAT MHASKE,Lok Sabha,THANE,147000000.0,"Jun 4, 2024 12:00:00 AM","Jun 3, 2029 11:59:59 PM",
Haryana,2,18th Lok Sabha,309,NAVEEN JINDAL,Lok Sabha,KURUKSHETRA,147000000.0,"Jun 4, 2024 12:00:00 AM","Jun 3, 2029 11:59:59 PM",
Uttar Pradesh,2,18th Lok Sabha,310,NEERAJ MAURYA,Lok Sabha,AONLA,147000000.0,"Jun 4, 2024 12:00:00 AM","Jun 3, 2029 11:59:59 PM",
Maharashtra,2,18th Lok Sabha,311,NILESH DNYANDEV LANKE,Lok Sabha,AHMEDNAGAR,147000000.0,"Jun 4, 2024 12:00:00 AM","Jun 3, 2029 11:59:59 PM",
Gujarat,2,18th Lok Sabha,312,NIMUBEN JAYANTIBHAI BAMBHANIYA,Lok Sabha,BHAVNAGAR,147000000.0,"Jun 4, 2024 12:00:00 AM","Jun 3, 2029 11:59:59 PM",
Jharkhand,2,18th Lok Sabha,313,Nishikant Dubey,Lok Sabha,GODDA,147000000.0,"Jun 4, 2024 12:00:00 AM","Jun 3, 2029 11:59:59 PM",
Maharashtra,2,18th Lok Sabha,314,Nitin Jairam Gadkari,Lok Sabha,NAGPUR,168195086.11,"Jun 4, 2024 12:00:00 AM","Jun 3, 2029 11:59:59 PM",
Bihar,2,18th Lok Sabha,315,Nityanand Rai,Lok Sabha,UJJARPUR,147000000.0,"Jun 4, 2024 12:00:00 AM","Jun 3, 2029 11:59:59 PM",
Rajasthan,2,18th Lok Sabha,316,Om Birla,Lok Sabha,KOTA,163906956.6,"Jun 4, 2024 12:00:00 AM","Jun 3, 2029 11:59:59 PM",
Maharashtra,2,18th Lok Sabha,317,Omprakash Bhupalsinh Alias Pawan Rajenimbalkar,Lok Sabha,OSMANABAD,184758519.11,"Jun 4, 2024 12:00:00 AM","Jun 3, 2029 11:59:59 PM",
Karnataka,2,18th Lok Sabha,318,P C Mohan,Lok Sabha,BANGALORE CENTRAL,159995711.11,"Jun 4, 2024 12:00:00 AM","Jun 3, 2029 12:00:00 AM",
Uttar Pradesh,2,18th Lok Sabha,319,Pankaj Chowdhary,Lok Sabha,MAHARAJGANJ_UP,147000000.0,"Jun 4, 2024 12:00:00 AM","Jun 3, 2029 11:59:59 PM",
Assam,2,18th Lok Sabha,320,PARIMAL SUKLABAIDYA,Lok Sabha,SILCHAR,148300157.11,"Jun 4, 2024 12:00:00 AM","Jun 3, 2029 11:59:59 PM",
Gujarat,2,18th Lok Sabha,321,PARSHOTTAMBHAI RUPALA,Lok Sabha,RAJKOT,147000000.0,"Jun 4, 2024 12:00:00 AM","Jun 3, 2029 11:59:59 PM",
West Bengal,2,18th Lok Sabha,322,PARTHA BHOWMICK,Lok Sabha,BARRACKPUR,147000000.0,"Jun 4, 2024 12:00:00 AM","Jun 3, 2029 11:59:59 PM",
Karnataka,2,18th Lok Sabha,323,Parvatagouda Chandanagouda Gaddigoudar,Lok Sabha,BAGALKOT,167541747.11,"Jun 4, 2024 12:00:00 AM","Jun 3, 2029 11:59:59 PM",
The Dadra And Nagar Haveli And Daman And Diu,2,18th Lok Sabha,324,PATEL UMESHBHAI BABUBHAI,Lok Sabha,DAMAN and DIU,245063957.0,"Jun 4, 2024 12:00:00 AM","Jun 3, 2029 11:59:59 PM",
West Bengal,2,18th Lok Sabha,325,PATHAN YUSUF,Lok Sabha,BAHARAMPUR,147000000.0,"Jun 4, 2024 12:00:00 AM","Jun 3, 2029 11:59:59 PM",
Assam,2,18th Lok Sabha,326,PHANI BHUSAN CHOUDHURY,Lok Sabha,BARPETA,147000000.0,"Jun 4, 2024 12:00:00 AM","Jun 3, 2029 11:59:59 PM",
Maharashtra,2,18th Lok Sabha,327,Piyush Vedprakash Goyal,Lok Sabha,MUMBAI NORTH,147000000.0,"Jun 4, 2024 12:00:00 AM","Jun 3, 2029 11:59:59 PM",
Andhra Pradesh,2,18th Lok Sabha,328,PRABHAKAR REDDY VEMIREDDY,Lok Sabha,NELLORE(SC),147000000.0,"Jun 4, 2024 12:00:00 AM","Jun 3, 2029 11:59:59 PM",
Gujarat,2,18th Lok Sabha,329,Prabhubhai Nagarbhai Vasava,Lok Sabha,BARDOLI(ST),147000000.0,"Jun 4, 2024 12:00:00 AM","Jun 3, 2029 11:59:59 PM",
Assam,2,18th Lok Sabha,330,Pradan Baruah,Lok Sabha,LAKHIMPUR,147000000.0,"Jun 4, 2024 12:00:00 AM","Jun 3, 2029 11:59:59 PM",
Bihar,2,18th Lok Sabha,331,Pradeep Kumar Singh,Lok Sabha,ARARIA,147000000.0,"Jun 4, 2024 12:00:00 AM","Jun 3, 2029 11:59:59 PM",
Odisha,2,18th Lok Sabha,332,PRADEEP PUROHIT,Lok Sabha,BARGARH,147000000.0,"Jun 4, 2024 12:00:00 AM","Jun 3, 2029 11:59:59 PM",
Assam,2,18th Lok Sabha,333,Pradyut Bordoloi,Lok Sabha,NOWGONG,98000000.0,"Jun 4, 2024 12:00:00 AM","Jun 3, 2029 11:59:59 PM",
Karnataka,2,18th Lok Sabha,334,Pralhad Venkatesh Joshi,Lok Sabha,DHARWAD,147000000.0,"Jun 4, 2024 12:00:00 AM","Jun 3, 2029 11:59:59 PM",
Maharashtra,2,18th Lok Sabha,335,PRANITI SUSHILKUMAR SHINDE,Lok Sabha,SOLAPUR(SC),147000000.0,"Jun 4, 2024 12:00:00 AM","Jun 3, 2029 11:59:59 PM",
West Bengal,2,18th Lok Sabha,336,Prasun Banerjee,Lok Sabha,HOWRAH,147000000.0,"Jun 4, 2024 12:00:00 AM","Jun 3, 2029 11:59:59 PM",
Odisha,2,18th Lok Sabha,337,Pratap Chandra Sarangi,Lok Sabha,BALASORE,147064254.11,"Jun 4, 2024 12:00:00 AM","Jun 3, 2029 11:59:59 PM",
Maharashtra,2,18th Lok Sabha,338,Prataprao Jadhav,Lok Sabha,BULDHANA,147000000.0,"Jun 4, 2024 12:00:00 AM","Jun 3, 2029 11:59:59 PM",
West Bengal,2,18th Lok Sabha,339,Pratima Mondal ,Lok Sabha,JOYNAGAR(SC),147000000.0,"Jun 4, 2024 12:00:00 AM","Jun 3, 2029 11:59:59 PM",
Delhi,2,18th Lok Sabha,340,Praveen Khandelwal,Lok Sabha,CHANDINI CHOWK,147470276.0,"Jun 4, 2024 12:00:00 AM","Jun 3, 2029 11:59:59 PM",
Uttar Pradesh,2,18th Lok Sabha,341,PRAVEEN PATEL,Lok Sabha,PHULPUR,151559884.09,"Jun 4, 2024 12:00:00 AM","Jun 3, 2029 11:59:59 PM",
Uttar Pradesh,2,18th Lok Sabha,342,PRIYA SAROJ,Lok Sabha,MACHHLISHAHR(SC),147000000.0,"Jun 4, 2024 12:00:00 AM","Jun 3, 2029 11:59:59 PM",
Kerala,2,18th Lok Sabha,343,Priyanka Gandhi Vadra,Lok Sabha,WAYANAD,122500000.0,"Nov 23, 2024 12:00:00 AM","Jun 3, 2029 11:59:59 PM",
Karnataka,2,18th Lok Sabha,344,PRIYANKA SATISH JARKIHOLI,Lok Sabha,CHIKKODI,147000000.0,"Jun 4, 2024 12:00:00 AM","Jun 3, 2029 12:00:00 AM",
West Bengal,2,18th Lok Sabha,345,Prof Sougata Ray,Lok Sabha,DUM DUM,147000000.0,"Jun 4, 2024 12:00:00 AM","Jun 3, 2029 11:59:59 PM",
Uttar Pradesh,2,18th Lok Sabha,346,Prof SP Singh Baghel,Lok Sabha,AGRA(SC),147000000.0,"Jun 4, 2024 12:00:00 AM","Jun 3, 2029 11:59:59 PM",
Uttar Pradesh,2,18th Lok Sabha,347,PUSHPENDRA SAROJ,Lok Sabha,KAUSHAMBI(SC),147000000.0,"Jun 4, 2024 12:00:00 AM","Jun 3, 2029 11:59:59 PM",
Andhra Pradesh,2,18th Lok Sabha,348,Putta Mahesh Kumar,Lok Sabha,ELURU,147000000.0,"Jun 4, 2024 12:00:00 AM","Jun 3, 2029 11:59:59 PM",
Uttar Pradesh,2,18th Lok Sabha,349,R.K. CHAUDHARY,Lok Sabha,MOHANLALGANJ(SC),147000000.0,"Jun 4, 2024 12:00:00 AM","Jun 3, 2029 11:59:59 PM",
Odisha,2,18th Lok Sabha,350,RABINDRA NARAYAN BEHERA,Lok Sabha,JAJPUR(SC),147064617.11,"Jun 4, 2024 12:00:00 AM","Jun 3, 2029 11:59:59 PM",
West Bengal,2,18th Lok Sabha,351,RACHNA BANERJEE,Lok Sabha,HOOGHLY,147000000.0,"Jun 4, 2024 12:00:00 AM","Jun 3, 2029 12:00:00 AM",
Bihar,2,18th Lok Sabha,352,Radha Mohan Singh,Lok Sabha,PURVI CHAMPARAN,147000000.0,"Jun 4, 2024 12:00:00 AM","Jun 3, 2029 11:59:59 PM",
Karnataka,2,18th Lok Sabha,353,RADHAKRISHNA,Lok Sabha,GULBARGA(SC),147000000.0,"Jun 4, 2024 12:00:00 AM","Jun 3, 2029 11:59:59 PM",
Chhattisgarh,2,18th Lok Sabha,354,RADHE SHYAM RATHIYA,Lok Sabha,RAIGARH(ST),159706972.09,"Jun 4, 2024 12:00:00 AM","Jun 3, 2029 11:59:59 PM",
Uttar Pradesh,2,18th Lok Sabha,355,RAHUL GANDHI,Lok Sabha,RAE BARELI,147000000.0,"Jun 4, 2024 12:00:00 AM","Jun 3, 2029 11:59:59 PM",
Rajasthan,2,18th Lok Sabha,356,Rahul Kaswan,Lok Sabha,CHURU,147000000.0,"Jun 4, 2024 12:00:00 AM","Jun 3, 2029 11:59:59 PM",
Madhya Pradesh,2,18th Lok Sabha,357,RAHUL SINGH LODHI,Lok Sabha,DAMOH,163058785.37,"Jun 4, 2024 12:00:00 AM","Jun 3, 2029 11:59:59 PM",
Bihar,2,18th Lok Sabha,358,RAJ BHUSHAN CHOUDHARY,Lok Sabha,MUZAFFARPUR,147000000.0,"Jun 4, 2024 12:00:00 AM","Jun 3, 2029 11:59:59 PM",
Rajasthan,2,18th Lok Sabha,359,RAJ KUMAR ROAT,Lok Sabha,BANSWARA(ST),147000000.0,"Jun 4, 2024 12:00:00 AM","Jun 3, 2029 11:59:59 PM",
Bihar,2,18th Lok Sabha,360,RAJA RAM SINGH,Lok Sabha,KARAKAT,147000000.0,"Jun 4, 2024 12:00:00 AM","Jun 3, 2029 11:59:59 PM",
Maharashtra,2,18th Lok Sabha,361,RAJABHAU,Lok Sabha,NASHIK,152878682.11,"Jun 4, 2024 12:00:00 AM","Jun 3, 2029 11:59:59 PM",
Himachal Pradesh,2,18th Lok Sabha,362,RAJEEV BHARDWAJ,Lok Sabha,KANGRA,179388967.11,"Jun 4, 2024 12:00:00 AM","Jun 3, 2029 11:59:59 PM",
Uttar Pradesh,2,18th Lok Sabha,363,RAJEEV RAI,Lok Sabha,GHOSI,147000000.0,"Jun 4, 2024 12:00:00 AM","Jun 3, 2029 12:00:00 AM",
Bihar,2,18th Lok Sabha,364,RAJESH RANJAN ALIAS PAPPU YADAV,Lok Sabha,PURNEA,147000000.0,"Jun 4, 2024 12:00:00 AM","Jun 3, 2029 11:59:59 PM",
Bihar,2,18th Lok Sabha,365,RAJESH VERMA,Lok Sabha,KHAGARIA,147000000.0,"Jun 4, 2024 12:00:00 AM","Jun 3, 2029 11:59:59 PM",
Gujarat,2,18th Lok Sabha,366,Rajeshbhai Naranbhai Chudasama,Lok Sabha,JUNAGADH,147000000.0,"Jun 4, 2024 12:00:00 AM","Jun 3, 2029 12:00:00 AM",
Bihar,2,18th Lok Sabha,367,Rajiv Pratap Rudy,Lok Sabha,SARAN,147000000.0,"Jun 4, 2024 12:00:00 AM","Jun 3, 2029 11:59:59 PM",
Bihar,2,18th Lok Sabha,368,Rajiv Ranjan (Lalan) Singh,Lok Sabha,MUNGER,147000000.0,"Jun 4, 2024 12:00:00 AM","Jun 3, 2029 11:59:59 PM",
Uttar Pradesh,2,18th Lok Sabha,369,Rajkumar Chahar ,Lok Sabha,FATEHPUR SIKRI,147000000.0,"Jun 4, 2024 12:00:00 AM","Jun 3, 2029 11:59:59 PM",
Uttar Pradesh,2,18th Lok Sabha,370,Rajnath Singh,Lok Sabha,LUCKNOW,154808797.11,"Jun 4, 2024 12:00:00 AM","Jun 3, 2029 11:59:59 PM",
Gujarat,2,18th Lok Sabha,371,RAJPALSINH MAHENDRASINH JADAV,Lok Sabha,PANCHMAHAL,147000000.0,"Jun 4, 2024 12:00:00 AM","Jun 3, 2029 11:59:59 PM",
West Bengal,2,18th Lok Sabha,372,Raju Bista,Lok Sabha,DARJEELING,147000000.0,"Jun 4, 2024 12:00:00 AM","Jun 3, 2029 11:59:59 PM",
Uttar Pradesh,2,18th Lok Sabha,373,RAKESH RATHOR,Lok Sabha,SITAPUR,147000000.0,"Jun 4, 2024 12:00:00 AM","Jun 3, 2029 11:59:59 PM",
Assam,2,18th Lok Sabha,374,RAKIBUL HUSSAIN,Lok Sabha,DHUBRI,147000000.0,"Jun 4, 2024 12:00:00 AM","Jun 3, 2029 11:59:59 PM",
Uttar Pradesh,2,18th Lok Sabha,375,RAM PRASAD CHAUDHARY,Lok Sabha,BASTI,204176957.11,"Apr 6, 2024 12:00:00 AM","Mar 6, 2029 11:59:59 PM",
Uttar Pradesh,2,18th Lok Sabha,376,Ram Shiromani,Lok Sabha,SHRAWASTI,151746878.11,"Jun 4, 2024 12:00:00 AM","Jun 3, 2029 11:59:59 PM",
Telangana,2,18th Lok Sabha,377,RAMASAHAYAM RAGHURAM REDDY,Lok Sabha,KHAMMAM,147000000.0,"Jun 4, 2024 12:00:00 AM","Jun 3, 2029 11:59:59 PM",
Uttar Pradesh,2,18th Lok Sabha,378,RAMASHANKAR RAJBHAR,Lok Sabha,SALEMPUR,160056927.07,"Jun 4, 2024 12:00:00 AM","Jun 3, 2029 11:59:59 PM",
Uttar Pradesh,2,18th Lok Sabha,379,RAMBHUAL NISHAD,Lok Sabha,SULTANPUR,151231957.11,"Jun 4, 2024 12:00:00 AM","Jun 3, 2029 11:59:59 PM",
Uttar Pradesh,2,18th Lok Sabha,380,RAMESH AWASTHI,Lok Sabha,KANPUR,147000000.0,"Jun 4, 2024 12:00:00 AM","Jun 3, 2029 11:59:59 PM",
Karnataka,2,18th Lok Sabha,381,Ramesh Chandappa Jigajinagi,Lok Sabha,BIJAPUR(SC),269500000.0,"Jun 4, 2024 12:00:00 AM","Jun 3, 2029 11:59:59 PM",
Bihar,2,18th Lok Sabha,382,Ramprit Mandal,Lok Sabha,JHANJHARPUR,147000000.0,"Jun 4, 2024 12:00:00 AM","Jun 3, 2029 11:59:59 PM",
Delhi,2,18th Lok Sabha,383,Ramvir Singh Bidhuri,Lok Sabha,SOUTH DELHI,147559100.0,"Jun 4, 2024 12:00:00 AM","Jun 3, 2029 11:59:59 PM",
Assam,2,18th Lok Sabha,384,RANJIT DUTTA,Lok Sabha,Sonitpur,147000000.0,"Jun 4, 2024 12:00:00 AM","Jun 3, 2029 11:59:59 PM",
Haryana,2,18th Lok Sabha,385,Rao Inderjit Singh,Lok Sabha,GURGAON,147000000.0,"Jun 4, 2024 12:00:00 AM","Jun 3, 2029 11:59:59 PM",
Rajasthan,2,18th Lok Sabha,386,Rao Rajendra Singh,Lok Sabha,JAIPUR RURAL,147000000.0,"Jun 4, 2024 12:00:00 AM","Jun 3, 2029 11:59:59 PM",
Bihar,2,18th Lok Sabha,387,Ravi Shankar Prasad,Lok Sabha,PATNA SAHIB,147000000.0,"Jun 4, 2024 12:00:00 AM","Jun 3, 2029 12:00:00 AM",
Maharashtra,2,18th Lok Sabha,388,RAVINDRA DATTARAM WAIKAR,Lok Sabha,MUMBAI NORTH WEST,147000000.0,"Jun 4, 2024 12:00:00 AM","Jun 3, 2029 11:59:59 PM",
Uttar Pradesh,2,18th Lok Sabha,389,Ravindra Shyamnarayan Alias Ravi Kishan Shukla,Lok Sabha,GORAKHPUR,147000000.0,"Jun 4, 2024 12:00:00 AM","Jun 3, 2029 11:59:59 PM",
Maharashtra,2,18th Lok Sabha,390,Ravindra Vasantrao Chavan,Lok Sabha,NANDED,147000000.0,"Nov 28, 2024 12:00:00 AM","Jun 3, 2029 11:59:59 PM",
Mizoram,2,18th Lok Sabha,391,RICHARD VANLALHMANGAIHA,Lok Sabha,MIZORAM (ST),147000000.0,"Jun 4, 2024 12:00:00 AM","Jun 3, 2029 11:59:59 PM",
Tamil Nadu,2,18th Lok Sabha,392,ROBERT BRUCE C,Lok Sabha,TIRUNELVELI,147475440.11,"Jun 4, 2024 12:00:00 AM","Jun 3, 2029 11:59:59 PM",
Madhya Pradesh,2,18th Lok Sabha,393,Rodmal Nagar ,Lok Sabha,RAJGARH,147000000.0,"Jun 4, 2024 12:00:00 AM","Jun 3, 2029 11:59:59 PM",
Chhattisgarh,2,18th Lok Sabha,394,ROOP KUMARI CHOUDHARY,Lok Sabha,MAHASAMUND,153035414.0,"Jun 4, 2024 12:00:00 AM","Jun 3, 2029 11:59:59 PM",
Uttar Pradesh,2,18th Lok Sabha,395,RUCHI VIRA,Lok Sabha,MORADABAD,147000000.0,"Jun 4, 2024 12:00:00 AM","Jun 3, 2029 11:59:59 PM",
Odisha,2,18th Lok Sabha,396,RUDRA NARAYAN PANY,Lok Sabha,DHENKANAL,155013957.11,"Jun 4, 2024 12:00:00 AM","Jun 3, 2029 11:59:59 PM",
Nagaland,2,18th Lok Sabha,397,S SUPONGMEREN JAMIR,Lok Sabha,NAGALAND,147000000.0,"Jun 4, 2024 12:00:00 AM","Jun 3, 2029 11:59:59 PM",
Tamil Nadu,2,18th Lok Sabha,398,S Venkatesan,Lok Sabha,MADURAI,147000000.0,"Jun 4, 2024 12:00:00 AM","Jun 3, 2029 11:59:59 PM",
Tamil Nadu,2,18th Lok Sabha,399,S. Jagathrakshakan,Lok Sabha,ARAKKONAM,180589332.34,"Jun 4, 2024 12:00:00 AM","Jun 3, 2029 12:00:00 AM",
Tamil Nadu,2,18th Lok Sabha,400,SACHITHANANTHAM R,Lok Sabha,DINDIGUL,147000000.0,"Jun 4, 2024 12:00:00 AM","Jun 3, 2029 11:59:59 PM",
Karnataka,2,18th Lok Sabha,401,SAGAR ESHWAR KHANDRE,Lok Sabha,BIDAR,147000000.0,"Jun 4, 2024 12:00:00 AM","Jun 3, 2029 11:59:59 PM",
Meghalaya,2,18th Lok Sabha,402,SALENG A SANGMA,Lok Sabha,TURA,147000000.0,"Jun 4, 2024 12:00:00 AM","Jun 3, 2029 11:59:59 PM",
Odisha,2,18th Lok Sabha,403,SAMBIT PATRA,Lok Sabha,PURI,147000000.0,"Jun 4, 2024 12:00:00 AM","Jun 3, 2029 11:59:59 PM",
Uttar Pradesh,2,18th Lok Sabha,404,SANATAN PANDEY,Lok Sabha,BALLIA,180420041.4,"Jun 4, 2024 12:00:00 AM","Jun 3, 2029 11:59:59 PM",
Maharashtra,2,18th Lok Sabha,405,SANJAY DINA PATIL,Lok Sabha,MUMBAI NORTH EAST,147000000.0,"Jun 4, 2024 12:00:00 AM","Jun 3, 2029 12:00:00 AM",
Maharashtra,2,18th Lok Sabha,406,Sanjay Haribhau Jadhav,Lok Sabha,PARBHANI,147000000.0,"Jun 4, 2024 12:00:00 AM","Jun 3, 2029 11:59:59 PM",
Bihar,2,18th Lok Sabha,407,Sanjay Jaiswal,Lok Sabha,PASCHIM CHAMPARAN,147000000.0,"Jun 4, 2024 12:00:00 AM","Jun 3, 2029 11:59:59 PM",
Telangana,2,18th Lok Sabha,408,Sanjay Kumar Bandi,Lok Sabha,KARIMNAGAR,172775317.11,"Jun 4, 2024 12:00:00 AM","Jun 3, 2029 11:59:59 PM",
Jharkhand,2,18th Lok Sabha,409,Sanjay Seth ,Lok Sabha,RANCHI,147064357.11,"Jun 4, 2024 12:00:00 AM","Jun 3, 2029 11:59:59 PM",
Maharashtra,2,18th Lok Sabha,410,Sanjay Uttamrao Deshmukh,Lok Sabha,YAVATMAL-WASHIM,185640423.0,"Jun 4, 2024 12:00:00 AM","Jun 3, 2029 12:00:00 AM",
Rajasthan,2,18th Lok Sabha,411,SANJNA JATAV,Lok Sabha,BHARATPUR(SC),147000000.0,"Jun 4, 2024 12:00:00 AM","Jun 3, 2029 11:59:59 PM",
Chhattisgarh,2,18th Lok Sabha,412,Santosh Pandey,Lok Sabha,RAJNANDGAON,147000000.0,"Jun 4, 2024 12:00:00 AM","Jun 3, 2029 11:59:59 PM",
Odisha,2,18th Lok Sabha,413,Saptagiri Sankar Ulaka,Lok Sabha,KORAPUT(ST),269500000.0,"Jun 4, 2024 12:00:00 AM","Jun 3, 2029 11:59:59 PM",
Punjab,2,18th Lok Sabha,414,SARABJEET SINGH KHALSA,Lok Sabha,FARIDKOT(SC),150850348.15,"Jun 4, 2024 12:00:00 AM","Jun 3, 2029 11:59:59 PM",
Tamil Nadu,2,18th Lok Sabha,415,Sasikanth Senthil,Lok Sabha,TIRUVALLUR(SC),171500000.0,"Jun 4, 2024 12:00:00 AM","Jun 3, 2029 11:59:59 PM",
Haryana,2,18th Lok Sabha,416,SATPAL BRAHAMCHARI,Lok Sabha,SONEPAT,147000000.0,"Jun 4, 2024 12:00:00 AM","Jun 3, 2029 11:59:59 PM",
West Bengal,2,18th Lok Sabha,417,Saumitra khan ,Lok Sabha,BISHNUPUR(SC),147000000.0,"Jun 4, 2024 12:00:00 AM","Jun 3, 2029 11:59:59 PM",
Madhya Pradesh,2,18th Lok Sabha,418,SAVITRI THAKUR,Lok Sabha,DHAR(ST),147000000.0,"Jun 4, 2024 12:00:00 AM","Jun 3, 2029 11:59:59 PM",
West Bengal,2,18th Lok Sabha,419,SAYANI GHOSH,Lok Sabha,JADAVPUR,147000000.0,"Jun 4, 2024 12:00:00 AM","Jun 3, 2029 11:59:59 PM",
Haryana,2,18th Lok Sabha,420,SELJA,Lok Sabha,SIRSA(SC),147000000.0,"Jun 4, 2024 12:00:00 AM","Jun 3, 2029 11:59:59 PM",
Tamil Nadu,2,18th Lok Sabha,421,SELVAGANAPATHI T M,Lok Sabha,SALEM,147000000.0,"Jun 4, 2024 12:00:00 AM","Jun 3, 2029 11:59:59 PM",
Tamil Nadu,2,18th Lok Sabha,422,SELVARAJ V,Lok Sabha,NAGAPATTINAM(SC),147000000.0,"Jun 4, 2024 12:00:00 AM","Jun 3, 2029 11:59:59 PM",
Kerala,2,18th Lok Sabha,423,SHAFI PARAMBIL,Lok Sabha,VADAKARA,147000000.0,"Jun 5, 2024 12:00:00 AM","Jun 3, 2029 11:59:59 PM",
Bihar,2,18th Lok Sabha,424,SHAMBHAVI,Lok Sabha,SAMASTIPUR(SC),147000000.0,"Jun 4, 2024 12:00:00 AM","Jun 3, 2029 11:59:59 PM",
Madhya Pradesh,2,18th Lok Sabha,425,Shankar Lalwani,Lok Sabha,INDORE,147000000.0,"Jun 4, 2024 12:00:00 AM","Jun 3, 2029 11:59:59 PM",
Uttar Pradesh,2,18th Lok Sabha,426,SHASHANK MANI,Lok Sabha,DEORIA,147000000.0,"Jun 4, 2024 12:00:00 AM","Jun 3, 2029 11:59:59 PM",
West Bengal,2,18th Lok Sabha,427,Shatrughan Sinha,Lok Sabha,ASANSOL,147000000.0,"Jun 4, 2024 12:00:00 AM","Jun 3, 2029 11:59:59 PM",
Punjab,2,18th Lok Sabha,428,SHER SINGH GHUBAYA,Lok Sabha,FIROZPUR,147000000.0,"Jun 4, 2024 12:00:00 AM","Jun 3, 2029 11:59:59 PM",
Madhya Pradesh,2,18th Lok Sabha,429,SHIVMANGAL SINGH TOMAR,Lok Sabha,MORENA,147000000.0,"Jun 4, 2024 12:00:00 AM","Jun 3, 2029 11:59:59 PM",
Madhya Pradesh,2,18th Lok Sabha,430,SHIVRAJ SINGH CHOUHAN,Lok Sabha,VIDISHA,147000000.0,"Jun 4, 2024 12:00:00 AM","Jun 3, 2029 11:59:59 PM",
Karnataka,2,18th Lok Sabha,431,SHOBHA KARANDLAJE,Lok Sabha,BANGALORE NORTH,147000000.0,"Jun 4, 2024 12:00:00 AM","Jun 3, 2029 12:00:00 AM",
Gujarat,2,18th Lok Sabha,432,SHOBHANABEN MAHENDRASINH BARAIYA,Lok Sabha,SABARKANTHA,147000000.0,"Jun 4, 2024 12:00:00 AM","Jun 3, 2029 11:59:59 PM",
Karnataka,2,18th Lok Sabha,433,SHREYAS. M. PATEL,Lok Sabha,HASSAN,147000000.0,"Jun 4, 2024 12:00:00 AM","Jun 3, 2029 11:59:59 PM",
Haryana,2,18th Lok Sabha,434,Shri  Dharambir Singh,Lok Sabha,BHIWANI MAHENDRAGARH,147000000.0,"Jun 4, 2024 12:00:00 AM","Jun 3, 2029 11:59:59 PM",
West Bengal,2,18th Lok Sabha,435,Shri Abhishek Banerjee,Lok Sabha,DIAMOND HARBOUR,147000000.0,"Jun 4, 2024 12:00:00 AM","Jun 3, 2029 12:00:00 AM",
Punjab,2,18th Lok Sabha,436,Shri Amar Singh,Lok Sabha,FATEHGARH SAHIB(SC),147000000.0,"Jun 4, 2024 12:00:00 AM","Jun 3, 2029 11:59:59 PM",
Gujarat,2,18th Lok Sabha,437,Shri Amit Shah,Lok Sabha,GANDHINAGAR,147000000.0,"Jun 4, 2024 12:00:00 AM","Jun 3, 2029 11:59:59 PM",
Madhya Pradesh,2,18th Lok Sabha,438,Shri Anil Firojiya,Lok Sabha,UJJAIN(SC),147000000.0,"Jun 4, 2024 12:00:00 AM","Jun 3, 2029 11:59:59 PM",
Rajasthan,2,18th Lok Sabha,439,Shri Arjun Ram Meghwal,Lok Sabha,BIKANER(SC),147000000.0,"Jun 4, 2024 12:00:00 AM","Jun 3, 2029 11:59:59 PM",
Uttar Pradesh,2,18th Lok Sabha,440,Shri Arun Kumar Sagar ,Lok Sabha,SHAHJAHANPUR(SC),147000000.0,"Jun 4, 2024 12:00:00 AM","Jun 3, 2029 11:59:59 PM",
Karnataka,2,18th Lok Sabha,441,Shri B Y Raghavendra ,Lok Sabha,SHIMOGA,147000000.0,"Jun 4, 2024 12:00:00 AM","Jun 3, 2029 11:59:59 PM",
Kerala,2,18th Lok Sabha,442,Shri Benny Behanan,Lok Sabha,CHALAKUDY,164674770.11,"Jun 4, 2024 12:00:00 AM","Jun 3, 2029 11:59:59 PM",
Odisha,2,18th Lok Sabha,443,Shri Bhartruhari Mahtab,Lok Sabha,CUTTACK,147000000.0,"Jun 4, 2024 12:00:00 AM","Jun 3, 2029 11:59:59 PM",
Jharkhand,2,18th Lok Sabha,444,Shri Chandra Prakash Choudhary,Lok Sabha,GIRIDIH,147000000.0,"Jun 4, 2024 12:00:00 AM","Jun 3, 2029 12:00:00 AM",
West Bengal,2,18th Lok Sabha,445,Shri Deepak (Dev) Adhikari ,Lok Sabha,GHATAL,200747364.0,"Jun 4, 2024 12:00:00 AM","Jun 3, 2029 11:59:59 PM",
Punjab,2,18th Lok Sabha,446,Shri Gurjeet Singh Aujla,Lok Sabha,AMRITSAR,147000000.0,"Jun 4, 2024 12:00:00 AM","Jun 3, 2029 11:59:59 PM",
Rajasthan,2,18th Lok Sabha,447,Shri Hanuman Beniwal,Lok Sabha,NAGAUR,147000000.0,"Jun 4, 2024 12:00:00 AM","Jun 3, 2029 12:00:00 AM",
Kerala,2,18th Lok Sabha,448,Shri Hibi Eden,Lok Sabha,ERNAKULAM,162177260.11,"Jun 4, 2024 12:00:00 AM","Jun 3, 2029 11:59:59 PM",
Bihar,2,18th Lok Sabha,449,Shri Janardan Singh Sigriwal ,Lok Sabha,MAHARAJGANJ_BR,147000000.0,"Jun 4, 2024 12:00:00 AM","Jun 3, 2029 11:59:59 PM",
Odisha,2,18th Lok Sabha,450,Shri Jual Oram,Lok Sabha,SUNDARGARH (ST),173096756.91,"Jun 4, 2024 12:00:00 AM","Jun 3, 2029 11:59:59 PM",
Jammu And Kashmir,2,18th Lok Sabha,451,Shri Jugal Kishore Sharma,Lok Sabha,JAMMU,147000000.0,"Jun 4, 2024 12:00:00 AM","Jun 3, 2029 11:59:59 PM",
West Bengal,2,18th Lok Sabha,452,Shri Jyotirmay Singh Mahato ,Lok Sabha,PURULIA,147000000.0,"Jun 4, 2024 12:00:00 AM","Jun 3, 2029 11:59:59 PM",
Tamil Nadu,2,18th Lok Sabha,453,Shri Karti P Chidambaram ,Lok Sabha,SIVAGANGA,159049284.11,"Jun 4, 2024 12:00:00 AM","Jun 3, 2029 11:59:59 PM",
Kerala,2,18th Lok Sabha,454,Shri Kumbakudi Sudhakaran,Lok Sabha,KANNUR,147000000.0,"Jun 4, 2024 12:00:00 AM","Jun 3, 2029 11:59:59 PM",
Karnataka,2,18th Lok Sabha,455,Shri LS Tejasvi Surya ,Lok Sabha,BANGALORE SOUTH,147000000.0,"Jun 4, 2024 12:00:00 AM","Jun 3, 2029 11:59:59 PM",
Kerala,2,18th Lok Sabha,456,Shri M K Raghavan,Lok Sabha,KOZHIKODE,147000000.0,"Jun 4, 2024 12:00:00 AM","Jun 3, 2029 11:59:59 PM",
Uttar Pradesh,2,18th Lok Sabha,457,Shri Narendra Modi,Lok Sabha,VARANASI,162070276.11,"Jun 4, 2024 12:00:00 AM","Jun 3, 2029 11:59:59 PM",
Kerala,2,18th Lok Sabha,458,Shri NK Premachandran,Lok Sabha,KOLLAM,171477994.11,"Jun 4, 2024 12:00:00 AM","Jun 3, 2029 11:59:59 PM",
Rajasthan,2,18th Lok Sabha,459,Shri PP Chaudhary,Lok Sabha,PALI,147000000.0,"Jun 4, 2024 12:00:00 AM","Jun 3, 2029 11:59:59 PM",
Kerala,2,18th Lok Sabha,460,Shri Rajmohan Unnithan ,Lok Sabha,KASARAGOD,156754633.11,"Jun 4, 2024 12:00:00 AM","Jun 3, 2029 11:59:59 PM",
Assam,2,18th Lok Sabha,461,Shri Sarbananda Sonowal (18LS),Lok Sabha,DIBRUGARH,147000000.0,"Jun 4, 2024 12:00:00 AM","Jun 3, 2029 11:59:59 PM",
Uttar Pradesh,2,18th Lok Sabha,462,Shri Satish Kumar Gautam ,Lok Sabha,ALIGARH,147000000.0,"Jun 4, 2024 12:00:00 AM","Jun 3, 2029 11:59:59 PM",
West Bengal,2,18th Lok Sabha,463,Shri Shantanu Thakur ,Lok Sabha,BANGAON(SC),147000000.0,"Jun 4, 2024 12:00:00 AM","Jun 3, 2029 11:59:59 PM",
Madhya Pradesh,2,18th Lok Sabha,464,Shri Sudheer Gupta ,Lok Sabha,MANDSOUR,148988014.83,"Jun 4, 2024 12:00:00 AM","Jun 3, 2029 11:59:59 PM",
Kerala,2,18th Lok Sabha,465,Shri Suresh Kodikunnil,Lok Sabha,MAVELIKKARA(SC),172429519.11,"Jun 4, 2024 12:00:00 AM","Jun 3, 2029 11:59:59 PM",
Arunachal Pradesh,2,18th Lok Sabha,466,Shri Tapir Gao,Lok Sabha,ARUNACHAL EAST,147000000.0,"Jun 4, 2024 12:00:00 AM","Jun 3, 2029 11:59:59 PM",
Tamil Nadu,2,18th Lok Sabha,467,Shri vijayakumar Vasanth,Lok Sabha,KANNIYAKUMARI,171500000.0,"Jun 4, 2024 12:00:00 AM","Jun 3, 2029 11:59:59 PM",
Maharashtra,2,18th Lok Sabha,468,Shrikant Eknath Shinde,Lok Sabha,KALYAN,147000000.0,"Jun 4, 2024 12:00:00 AM","Jun 3, 2029 11:59:59 PM",
Maharashtra,2,18th Lok Sabha,469,SHRIMANT CHH UDAYANRAJE PRATAPSINHAMAHARAJ BHONSLE,Lok Sabha,SATARA,147000000.0,"Jun 4, 2024 12:00:00 AM","Jun 3, 2029 11:59:59 PM",
Goa,2,18th Lok Sabha,470,Shripad Yesso Naik,Lok Sabha,NORTH GOA,147000000.0,"Jun 4, 2024 12:00:00 AM","Jun 3, 2029 11:59:59 PM",
Maharashtra,2,18th Lok Sabha,471,Shrirang Appa Barne,Lok Sabha,MAVAL,147000000.0,"Jun 4, 2024 12:00:00 AM","Jun 3, 2029 11:59:59 PM",
Maharashtra,2,18th Lok Sabha,472,Shyamkumar,Lok Sabha,RAMTEK(SC),147000000.0,"Jun 4, 2024 12:00:00 AM","Jun 3, 2029 11:59:59 PM",
Andhra Pradesh,2,18th Lok Sabha,473,Sivanath Kesineni,Lok Sabha,VIJAYAWADA,147000000.0,"Jun 4, 2024 12:00:00 AM","Jun 3, 2029 11:59:59 PM",
West Bengal,2,18th Lok Sabha,474,SK NURUL ISLAM,Lok Sabha,BASIRHAT,49000000.0,"Jun 4, 2024 12:00:00 AM","Jun 3, 2029 11:59:59 PM",
Maharashtra,2,18th Lok Sabha,475,SMITA UDAY WAGH,Lok Sabha,JALGAON,148107373.11,"Jun 4, 2024 12:00:00 AM","Jun 3, 2029 11:59:59 PM",
Uttar Pradesh,2,18th Lok Sabha,476,Smt Anupriya Patel,Lok Sabha,MIRZAPUR,147000000.0,"Jun 4, 2024 12:00:00 AM","Jun 3, 2029 11:59:59 PM",
Odisha,2,18th Lok Sabha,477,Smt Aparajita Sarangi,Lok Sabha,BHUBANESWAR,147420861.41,"Jun 4, 2024 12:00:00 AM","Jun 3, 2029 11:59:59 PM",
Uttar Pradesh,2,18th Lok Sabha,478,Smt Dimple Yadav,Lok Sabha,MAINPURI,192042469.11,"Jun 4, 2024 12:00:00 AM","Jun 3, 2029 11:59:59 PM",
Punjab,2,18th Lok Sabha,479,Smt Harsimrat Kaur Badal,Lok Sabha,BHATINDA,159775982.39,"Jun 4, 2024 12:00:00 AM","Jun 3, 2029 11:59:59 PM",
Uttar Pradesh,2,18th Lok Sabha,480,Smt Hema Malini,Lok Sabha,MATHURA,147000000.0,"Jun 4, 2024 12:00:00 AM","Jun 3, 2029 11:59:59 PM",
Madhya Pradesh,2,18th Lok Sabha,481,Smt Himadri Singh,Lok Sabha,SHAHDOL (ST),150724861.11,"Jun 4, 2024 12:00:00 AM","Jun 3, 2029 11:59:59 PM",
Gujarat,2,18th Lok Sabha,482,Smt Poonamben Hematbhai Maadam,Lok Sabha,JAMNAGAR,147000000.0,"Jun 4, 2024 12:00:00 AM","Jun 3, 2029 11:59:59 PM",
Maharashtra,2,18th Lok Sabha,483,Smt Raksha Nikhil Khadse,Lok Sabha,RAVER,153112586.11,"Jun 4, 2024 12:00:00 AM","Jun 3, 2029 11:59:59 PM",
Tamil Nadu,2,18th Lok Sabha,484,Smt S Jothimani,Lok Sabha,KARUR,147000000.0,"Jun 4, 2024 12:00:00 AM","Jun 3, 2029 11:59:59 PM",
West Bengal,2,18th Lok Sabha,485,Smt Sajda Ahmed,Lok Sabha,ULUBERIA,147000000.0,"Jun 4, 2024 12:00:00 AM","Jun 3, 2029 11:59:59 PM",
Madhya Pradesh,2,18th Lok Sabha,486,Smt Sandhya Ray,Lok Sabha,BHIND(SC),147000000.0,"Jun 4, 2024 12:00:00 AM","Jun 3, 2029 11:59:59 PM",
Odisha,2,18th Lok Sabha,487,Smt Sangeeta Kumari Singh Deo,Lok Sabha,BOLANGIR,147000000.0,"Jun 4, 2024 12:00:00 AM","Jun 3, 2029 11:59:59 PM",
West Bengal,2,18th Lok Sabha,488,Smt Satabdi Roy (Banerjee),Lok Sabha,BIRBHUM,147000000.0,"Jun 4, 2024 12:00:00 AM","Jun 3, 2029 11:59:59 PM",
Maharashtra,2,18th Lok Sabha,489,Smt Supriya Sadanand Sule,Lok Sabha,BARAMATI,147000000.0,"Jun 4, 2024 12:00:00 AM","Jun 3, 2029 11:59:59 PM",
Bihar,2,18th Lok Sabha,490,Smt Veena Devi ,Lok Sabha,VAISHALI,147000000.0,"Jun 4, 2024 12:00:00 AM","Jun 3, 2029 11:59:59 PM",
Andhra Pradesh,2,18th Lok Sabha,491,Sribharat MathuKumli,Lok Sabha,VISAKHAPATNAM,164841922.0,"Jun 4, 2024 12:00:00 AM","Jun 3, 2029 11:59:59 PM",
Bihar,2,18th Lok Sabha,492,SUDAMA PRASAD,Lok Sabha,ARRAH,147000000.0,"Jun 4, 2024 12:00:00 AM","Jun 3, 2029 11:59:59 PM",
Tamil Nadu,2,18th Lok Sabha,493,SUDHA R,Lok Sabha,MAYILADUTHURAI,147332315.11,"Jun 4, 2024 12:00:00 AM","Jun 3, 2029 12:00:00 AM",
Bihar,2,18th Lok Sabha,494,SUDHAKAR SINGH,Lok Sabha,BUXAR,185211956.54,"Jun 4, 2024 12:00:00 AM","Jun 3, 2029 11:59:59 PM",
West Bengal,2,18th Lok Sabha,495,Sudip Bandyopadhyay,Lok Sabha,KOLKATA UTTAR,147000000.0,"Jun 4, 2024 12:00:00 AM","Jun 3, 2029 11:59:59 PM",
Odisha,2,18th Lok Sabha,496,SUKANTA KUMAR PANIGRAHI,Lok Sabha,KANDHAMAL,190712424.11,"Jun 4, 2024 12:00:00 AM","Jun 3, 2029 11:59:59 PM",
Jharkhand,2,18th Lok Sabha,497,SUKHDEO BHAGAT,Lok Sabha,LOHARDAGA(ST),171821957.11,"Jun 4, 2024 12:00:00 AM","Jun 3, 2029 11:59:59 PM",
Punjab,2,18th Lok Sabha,498,SUKHJINDER SINGH RANDHAWA,Lok Sabha,GURDASPUR,147000000.0,"Jun 4, 2024 12:00:00 AM","Jun 3, 2029 11:59:59 PM",
Karnataka,2,18th Lok Sabha,499,SUNIL BOSE,Lok Sabha,CHAMARAJANAGAR(SC),147000000.0,"Jun 4, 2024 12:00:00 AM","Jun 3, 2029 11:59:59 PM",
Maharashtra,2,18th Lok Sabha,500,Sunil Dattatray Tatkare,Lok Sabha,RAIGAD,147000000.0,"Jun 4, 2024 12:00:00 AM","Jun 3, 2029 11:59:59 PM",
Bihar,2,18th Lok Sabha,501,Sunil Kumar ,Lok Sabha,VALMIKI NAGAR,147000000.0,"Jun 4, 2024 12:00:00 AM","Jun 3, 2029 11:59:59 PM",
Bihar,2,18th Lok Sabha,502,SURENDRA PRASAD YADAV,Lok Sabha,JAHANABAD,155325714.0,"Jun 4, 2024 12:00:00 AM","Jun 3, 2029 11:59:59 PM",
Kerala,2,18th Lok Sabha,503,SURESH GOPI,Lok Sabha,THRISSUR,147000000.0,"Jun 4, 2024 12:00:00 AM","Jun 3, 2029 11:59:59 PM",
Himachal Pradesh,2,18th Lok Sabha,504,Suresh Kumar Kashyap,Lok Sabha,SHIMLA (SC),153563957.11,"Jun 4, 2024 12:00:00 AM","Jun 3, 2029 11:59:59 PM",
Telangana,2,18th Lok Sabha,505,SURESH KUMAR SHETKAR,Lok Sabha,ZAHIRABAD,147000000.0,"Jun 4, 2024 12:00:00 AM","Jun 3, 2029 11:59:59 PM",
Uttar Pradesh,2,18th Lok Sabha,506,Swami Sachchidanandhari Sakshi ji Maharaj ,Lok Sabha,UNNAO,147000000.0,"Jun 4, 2024 12:00:00 AM","Jun 3, 2029 11:59:59 PM",
Tamil Nadu,2,18th Lok Sabha,507,T Sumathy (A) Thamizhachi Thangapandian ,Lok Sabha,CHENNAI SOUTH,147000000.0,"Jun 4, 2024 12:00:00 AM","Jun 3, 2029 11:59:59 PM",
Andhra Pradesh,2,18th Lok Sabha,508,TANGELLA UDAY SRINIVAS,Lok Sabha,KAKINADA,199417886.76,"Jun 4, 2024 12:00:00 AM","Jun 3, 2029 11:59:59 PM",
Uttar Pradesh,2,18th Lok Sabha,509,TANUJ PUNIA,Lok Sabha,BARABANKI(SC),148198170.11,"Jun 4, 2024 12:00:00 AM","Jun 3, 2029 11:59:59 PM",
Bihar,2,18th Lok Sabha,510,TARIQ ANWAR,Lok Sabha,KATIHAR,147000000.0,"Jun 4, 2024 12:00:00 AM","Jun 3, 2029 11:59:59 PM",
Tamil Nadu,2,18th Lok Sabha,511,Thalikkottai Rajuthevar Baalu,Lok Sabha,SRIPERUMBUDUR,196905535.11,"Jun 4, 2024 12:00:00 AM","Jun 3, 2029 11:59:59 PM",
Tamil Nadu,2,18th Lok Sabha,512,THANGA TAMILSELVAN,Lok Sabha,THENI,147000000.0,"Jun 4, 2024 12:00:00 AM","Jun 3, 2029 11:59:59 PM",
Tamil Nadu,2,18th Lok Sabha,513,THARANIVENTHAN M S,Lok Sabha,ARANI,168337124.35,"Jun 4, 2024 12:00:00 AM","Jun 3, 2029 11:59:59 PM",
Tamil Nadu,2,18th Lok Sabha,514,Thiru Dayanidhi Maran,Lok Sabha,CHENNAI CENTRAL,147000000.0,"Jun 4, 2024 12:00:00 AM","Jun 3, 2029 11:59:59 PM",
Tamil Nadu,2,18th Lok Sabha,515,Thirumaa Valavan Thol,Lok Sabha,CHIDAMBARAM(SC),147000000.0,"Jun 4, 2024 12:00:00 AM","Jun 3, 2029 11:59:59 PM",
Chhattisgarh,2,18th Lok Sabha,516,TOKHAN SAHU,Lok Sabha,BILASPUR,147000000.0,"Jun 4, 2024 12:00:00 AM","Jun 3, 2029 11:59:59 PM",
Uttarakhand,2,18th Lok Sabha,517,TRIVENDRA SINGH RAWAT,Lok Sabha,HARDWAR,147000000.0,"Jun 4, 2024 12:00:00 AM","Jun 3, 2029 11:59:59 PM",
Uttar Pradesh,2,18th Lok Sabha,518,UJJWAL RAMAN SINGH,Lok Sabha,ALLAHABAD,147000000.0,"Jun 4, 2024 12:00:00 AM","Jun 3, 2029 11:59:59 PM",
Rajasthan,2,18th Lok Sabha,519,UMMEDA RAM BENIWAL,Lok Sabha,BARMER,147000000.0,"Jun 4, 2024 12:00:00 AM","Jun 3, 2029 11:59:59 PM",
Uttar Pradesh,2,18th Lok Sabha,520,UTKARSH VERMA MADHUR,Lok Sabha,KHERI,147000000.0,"Jun 4, 2024 12:00:00 AM","Jun 3, 2029 11:59:59 PM",
Tamil Nadu,2,18th Lok Sabha,521,V S Matheswaran,Lok Sabha,NAMAKKAL,162539930.11,"Jun 4, 2024 12:00:00 AM","Jun 3, 2029 11:59:59 PM",
Karnataka,2,18th Lok Sabha,522,V. SOMANNA,Lok Sabha,TUMKUR,147000000.0,"Jun 4, 2024 12:00:00 AM","Jun 3, 2029 11:59:59 PM",
Puducherry,2,18th Lok Sabha,523,Vaithilingam Ve,Lok Sabha,Puducherry,209368972.11,"Jun 4, 2024 12:00:00 AM","Jun 3, 2029 11:59:59 PM",
Telangana,2,18th Lok Sabha,524,VAMSI KRISHNA GADDAM,Lok Sabha,PEDDAPALLE,148451721.11,"Jun 4, 2024 12:00:00 AM","Jun 3, 2029 11:59:59 PM",
Haryana,2,18th Lok Sabha,525,VARUN CHAUDHRY,Lok Sabha,AMBALA (SC),255454264.0,"Jun 4, 2024 12:00:00 AM","Jun 3, 2029 11:59:59 PM",
Kerala,2,18th Lok Sabha,526,Vellalath Kochukrishnan Nair Sreekandan,Lok Sabha,PALAKKAD,167807990.11,"Jun 4, 2024 12:00:00 AM","Jun 3, 2029 11:59:59 PM",
Chhattisgarh,2,18th Lok Sabha,527,Vijay Baghel,Lok Sabha,DURG,147000000.0,"Jun 4, 2024 12:00:00 AM","Jun 3, 2029 11:59:59 PM",
Uttar Pradesh,2,18th Lok Sabha,528,Vijay Kumar Dubey,Lok Sabha,KUSHI NAGAR,148900000.0,"Jun 4, 2024 12:00:00 AM","Jun 3, 2029 11:59:59 PM",
Jharkhand,2,18th Lok Sabha,529,Vijay Kumar Hansdak,Lok Sabha,RAJMAHAL(ST),147223957.11,"Jun 4, 2024 12:00:00 AM","Jun 3, 2029 11:59:59 PM",
Bihar,2,18th Lok Sabha,530,VIJAYLAKSHMI DEVI,Lok Sabha,SIWAN,147000000.0,"Jun 4, 2024 12:00:00 AM","Jun 3, 2029 11:59:59 PM",
Gujarat,2,18th Lok Sabha,531,Vinod Chavda,Lok Sabha,KACHCHH(SC),147000000.0,"Jun 4, 2024 12:00:00 AM","Jun 3, 2029 11:59:59 PM",
Uttar Pradesh,2,18th Lok Sabha,532,VINOD KUMAR BIND,Lok Sabha,BHADOHI,147000000.0,"Jun 4, 2024 12:00:00 AM","Jun 3, 2029 11:59:59 PM",
Madhya Pradesh,2,18th Lok Sabha,533,Virendra Kumar,Lok Sabha,TIKAMGARH(SC),147000000.0,"Jun 4, 2024 12:00:00 AM","Jun 3, 2029 11:59:59 PM",
Uttar Pradesh,2,18th Lok Sabha,534,VIRENDRA SINGH,Lok Sabha,CHANDAULI,147000000.0,"Jun 4, 2024 12:00:00 AM","Jun 3, 2029 11:59:59 PM",
Maharashtra,2,18th Lok Sabha,535,VISHAL,Lok Sabha,SANGLI,147000000.0,"Jun 4, 2024 12:00:00 AM","Jun 3, 2029 11:59:59 PM",
Jharkhand,2,18th Lok Sabha,536,Vishnu Dayal Ram,Lok Sabha,PALAMU(SC),158176083.11,"Jun 4, 2024 12:00:00 AM","Jun 3, 2029 11:59:59 PM",
Madhya Pradesh,2,18th Lok Sabha,537,Vishnu Dutt Sharma,Lok Sabha,KHAJURAHO,147000000.0,"Jun 4, 2024 12:00:00 AM","Jun 3, 2029 11:59:59 PM",
Karnataka,2,18th Lok Sabha,538,VISHWESHWAR HEGDE KAGERI,Lok Sabha,UTTARA KANNADA,147000000.0,"Jun 4, 2024 12:00:00 AM","Jun 3, 2029 11:59:59 PM",
Bihar,2,18th Lok Sabha,539,VIVEK THAKUR,Lok Sabha,NAWADA,147000000.0,"Jun 4, 2024 12:00:00 AM","Jun 3, 2029 12:00:00 AM",
Andhra Pradesh,2,18th Lok Sabha,540,Y S Avinash Reddy,Lok Sabha,KADAPA,156430260.11,"Jun 4, 2024 12:00:00 AM","Jun 3, 2029 11:59:59 PM",
Karnataka,2,18th Lok Sabha,541,YADUVEER KRISHNADATTA CHAMARAJA WADIYAR,Lok Sabha,MYSORE,147000000.0,"Jun 4, 2024 12:00:00 AM","Jun 4, 2029 11:59:59 PM",
Delhi,2,18th Lok Sabha,542,Yogendra Chandoliya,Lok Sabha,NORTH WEST DELHI(SC),147876307.0,"Jun 4, 2024 12:00:00 AM","Jun 3, 2029 11:59:59 PM",
Uttar Pradesh,2,18th Lok Sabha,543,ZIA UR REHMAN,Lok Sabha,SAMBHAL,147000000.0,"Jun 4, 2024 12:00:00 AM","Jun 3, 2029 11:59:59 PM",
,,,,,,,,,,83180553325.71004
