ID,CAPTION,_STATE_ID,_HOUSE
3042276,BISHNU PADA RAY,35,2
3042277,GM Harish Balayogi,2,2
3042278,C.M.RAMESH,2,2
3018943,Y S Avinash Reddy,2,2
3042279,AMBICA G LAKSHMINARAYANA VALMIKI,2,2
3042280,Gumma Thanuja Rani,2,2
3042281,Krishna Prasad Tenneti,2,2
3042282,DAGGUMALLA PRASADA RAO,2,2
3042283,Putta Mahesh Kumar,2,2
3042284,Dr Chandra Sekhar Pemmasani,2,2
3042285,B K PARTHASARATHI,2,2
3042286,TANGELLA UDAY SRINIVAS,2,2
3042287,BASTIPATI NAGARAJU PANCHALINGALA,2,2
3042288,Bhupathiraju Srinivasa varma,2,2
3042290,PRABHAKAR REDDY VEMIREDDY,2,2
3042292,Sivanath Kesineni,2,2
3042293,Sribharat MathuKumli,2,2
3042294,Appalanaidu Kalisetti,2,2
3018941,Midhun Reddy,2,2
3018342,Balashowry Vallabbhaneni,2,2
3018939,Kinjarapu Ram Mohan Naidu,2,2
3018946,Maddila Gurumoorthy,2,2
3018945,Lavu Sri Krishna Devarayalu,2,2
3043486,Daggubati Purandeshwari,2,2
3043545,DR BYREDDY SHABARI,2,2
3018340,Magunta Sreenivasulu Reddy,2,2
3017196,Shri S Niranjan Reddy (2022-28),2,1
3019255,Shri V. Vijayendra Prasad (2022-28),2,1
3043037,Shri Golla Baburao (2024-30),2,1
3043337,Shri Meda Raghunadha Reddy (2024-30),2,1
3044299,Shri Yerram Venkata Subba Reddy (2024-30),2,1
3050536,Shri Ryaga Krishnaiah (2024-28),2,1
3050537,Shri Masthan Rao Yadav Beedha (2024-28),2,1
3056236,Shri Paka Venkata Satyanarayana (2025-28),2,1
3066164,Shri Lingamaneni Ramesh (2026-32),2,1
3066214,Shri Bhashyam Rama Krishna (2026-32),2,1
3066270,Shri Vijay Chintakayala (2026-32),2,1
3050535,Shri Sana Sathish Babu (2026-32),2,1
3017378,Shri Tapir Gao,3,2
3018950,Kiren Rijiju,3,2
3066421,Shri Tai Tagak (2026-32),3,1
3042295,PHANI BHUSAN CHOUDHURY,5,2
3042296,RAKIBUL HUSSAIN,5,2
3042297,Shri Sarbananda Sonowal (18LS),5,2
3042299,BIJULI KALITA MEDHI,5,2
3042301,KAMAKHYA PRASAD TASA,5,2
3042298,AMARSING TISSO,5,2
3042302,JOYANTA BASUMATARY,5,2
3042304,PARIMAL SUKLABAIDYA,5,2
3042305,RANJIT DUTTA,5,2
3018955,Dilip Saikia,5,2
3018957,Kripanath Mallah,5,2
3018347,Pradan Baruah,5,2
3042300,GAURAV GOGOI,5,2
3018958,Pradyut Bordoloi,5,2
3017222,Shri Pabitra Margherita (2022-28),5,1
3019246,Shri Rwngwra Narzary (2022-28),5,1
3056512,Shri Kanad Purkayastha (2025-31),5,1
3017224,Shri Birendra Prasad Baishya (2025-31),5,1
3065277,Shri Jogen Mohan (2026-32),5,1
3065299,Shri Terash Gowalla (2026-32),5,1
3066097,Shri Pramod Boro (2026-32),5,1
3042306,SUDAMA PRASAD,6,2
3042307,ABHAY KUMAR SINHA,6,2
3042308,SUDHAKAR SINGH,6,2
3042309,JITAN RAM MANJHI,6,2
3042311,ARUN BHARTI,6,2
3042312,RAJA RAM SINGH,6,2
3042313,TARIQ ANWAR,6,2
3042314,RAJESH VERMA,6,2
3042315,RAJ BHUSHAN CHOUDHARY,6,2
3042317,RAJESH RANJAN ALIAS PAPPU YADAV,6,2
3042318,SHAMBHAVI,6,2
3042319,MANOJ KUMAR,6,2
3042320,DEVESH CHANDRA THAKUR,6,2
3042321,VIJAYLAKSHMI DEVI,6,2
3042316,MISHA BHARTI,6,2
3018355,Pradeep Kumar Singh,6,2
3018966,Giridhari Yadav,6,2
3018967,Giriraj Singh,6,2
3018351,Ajay Kumar Mandal,6,2
3018360,Ramprit Mandal,6,2
3017384,Dr Mohammad Jawed,6,2
3018975,Dinesh Chandra Yadav,6,2
3018353,Ashok Kumar Yadav ,6,2
3017381,Shri Janardan Singh Sigriwal ,6,2
3018357,Rajiv Ranjan (Lalan) Singh,6,2
3018354,Kaushalendra Kumar,6,2
3018969,Radha Mohan Singh,6,2
3018359,Dileshwar Kamait ,6,2
3017382,Smt Veena Devi ,6,2
3018350,Alok Kumar Suman,6,2
3042310,CHIRAG PASWAN,6,2
3043221,SURENDRA PRASAD YADAV,6,2
3018972,Sunil Kumar ,6,2
3018960,Sanjay Jaiswal,6,2
3021513,Nityanand Rai,6,2
3018961,Mr Gopal Jee Thakur,6,2
3018979,Ravi Shankar Prasad,6,2
3044145,VIVEK THAKUR,6,2
3044146,LOVELY ANAND,6,2
3018356,Rajiv Pratap Rudy,6,2
3017167,Shri Shambhu Sharan Patel (2022-28),6,1
3017197,Dr. Faiyaz Ahmad (2022-28),6,1
3017208,Shri Satish Chandra Dubey (2022-28),6,1
3017209,Shri Khiru Mahto (2022-28),6,1
3042570,Dr. Bhim Singh (2024-30),6,1
3017198,Prof. Manoj Kumar Jha (2024-30),6,1
3043338,Dr. Dharmshila Gupta (2024-30),6,1
3017200,Shri Akhilesh Prasad Singh (2024-30),6,1
3043454,Shri Sanjay Kumar Jha (2024-30),6,1
3043455,Shri Sanjay Yadav (2024-30),6,1
3046284,Shri Manan Kumar Mishra (2024-28),6,1
3046285,Shri Upendra Kushwaha (2026-32),6,1
3064962,Shri Shivesh Kumar (2026-32),6,1
3065300,Shri Ram Nath Thakur (2026-32),6,1
3065569,Shri Nitin Nabin (2026-32),6,1
3042323,MANISH TEWARI,7,2
3044092,Shri Satnam Singh Sandhu (2024-30),7,1
3042324,MAHESH KASHYAP,8,2
3042325,TOKHAN SAHU,8,2
3042327,BHOJRAJ NAG,8,2
3042328,ROOP KUMARI CHOUDHARY,8,2
3042326,KAMLESH JANGDE,8,2
3018986,Vijay Baghel,8,2
3018366,Jyotsna Charandas Mahant ,8,2
3018365,Santosh Pandey,8,2
3043391,RADHE SHYAM RATHIYA,8,2
3043392,BRIJMOHAN AGRAWAL,8,2
3043715,CHINTAMANI MAHARAJ,8,2
3017318,Shri Rajeev Shukla (2022-28),8,1
3017501,Smt. Ranjeet Ranjan (2022-28),8,1
3043409,Shri Devendra Pratap Singh (2024-30),8,1
3017500,Smt. Phulo Devi Netam (2026-32),8,1
3065578,Smt. Laxmi Verma (2026-32),8,1
3020007,Manoj Tiwari,11,2
3045894,Yogendra Chandoliya,11,2
3045891,Praveen Khandelwal,11,2
3045896,Kamaljeet Sehrawat,11,2
3045893,Bansuri Swaraj,11,2
3045895,Ramvir Singh Bidhuri,11,2
3045892,Harsh Malhotra,11,2
3045897,Ms. Swati Maliwal (2024-30),11,1
3020006,Shri Narain Dass Gupta (2024-30),11,1
3020005,Shri Sanjay Singh (2024-30),11,1
3061061,Dr. Meenakshi Jain (2025-31),11,1
3018989,Shripad Yesso Naik,12,2
3042329,CAPTAIN VIRIATO FERNANDES,12,2
3022960,Shri Sadanand Mhalu Shet Tanavade (2023-29),12,1
3017389,Shri Amit Shah,27,2
3042330,DINESHBHAI MAKWANA,27,2
3042332,HARIBHAI PATEL,27,2
3042333,RAJPALSINH MAHENDRASINH JADAV,27,2
3042334,PARSHOTTAMBHAI RUPALA,27,2
3042335,MUKESHKUMAR CHANDRAKAANT DALAL,27,2
3042336,DR. HEMANG JOSHI,27,2
3042337,DHAVAL LAXMANBHAI PATEL,27,2
3042331,JASHUBHAI BHILUBHAI RATHVA,27,2
3019002,Hasmukh Bhai Soma Bhai Patel,27,2
3018995,Mansukhbhai Dhanjibhai Vasava,27,2
3018994,Jaswantsinh Sumanbhai Bhabhor,27,2
3017181,Devusinh Jesingbhai Chauhan,27,2
3018992,C R Patil,27,2
3018991,Bharatsinhji Shankarji Dabhi,27,2
3018996,Mitesh Rameshbhai Bakabhai Patel,27,2
3018999,Prabhubhai Nagarbhai Vasava,27,2
3043220,GENIBEN NAGAJI THAKOR,27,2
3043222,SHOBHANABEN MAHENDRASINH BARAIYA,27,2
3043225,BHARATBHAI MANUBHAI SUTARIYA,27,2
3043226,NIMUBEN JAYANTIBHAI BAMBHANIYA,27,2
3043227,CHANDUBHAI CHHAGANBHAI SHIHORA,27,2
3019001,Vinod Chavda,27,2
3043487,DR. MANSUKH MANDAVIYA,27,2
3019005,Smt Poonamben Hematbhai Maadam,27,2
3017388,Rajeshbhai Naranbhai Chudasama,27,2
3025895,Shri Babubhai Jesangbhai Desai (2023-29),27,1
3026513,Shri Kesridevsinh Jhala (2023-29),27,1
3027305,Shri S. Jaishankar (2023-29),27,1
3042558,Dr. Parmar Jashvantsinh Salamsinh (2024-30),27,1
3042561,Shri Govindbhai Laljibhai Dholakia (2024-30),27,1
3045962,Shri Mayankkumar Nayak (2024-30),27,1
3046565,Shri Jagat Prakash Nadda (2024-30),27,1
3066440,Dr. Mukeshbhai J. Rathwa (2026-32),27,1
3066468,Shri Jitendra Meghjibhai Kanzariya (2026-32),27,1
3066616,Shri Rajesh Parmanand Shukla (2026-32),27,1
3042338,VARUN CHAUDHRY,14,2
3042340,JAI PARKASH,14,2
3042341,MANOHAR LAL,14,2
3042342,NAVEEN JINDAL,14,2
3042343,DEEPENDER SINGH HOODA,14,2
3042344,SELJA,14,2
3042345,SATPAL BRAHAMCHARI,14,2
3018368,Rao Inderjit Singh,14,2
3017394,Shri  Dharambir Singh,14,2
3019007,Krishan Pal Gurjar,14,2
3017503,Shri Kartikeya Sharma (2022-28),14,1
3045909,Shri Subhash Barala (2024-30),14,1
3049850,Smt. Rekha Sharma (2024-28),14,1
3064657,Shri Sanjay Bhatia (2026-32),14,1
3064963,Shri Karamvir Singh Singh Boudh (2026-32),14,1
3042347,RAJEEV BHARDWAJ,15,2
3019014,Suresh Kumar Kashyap,15,2
3043229,Kangana Ranaut,15,2
3018369,Anurag Singh Thakur,15,2
3017229,Dr. Sikander Kumar (2022-28),15,1
3042922,Shri Harsh Mahajan (2024-30),15,1
3064835,Shri Anurag Sharma (2026-32),15,1
3042348,MIAN ALTAF AHMAD,16,2
3042349,AGA SYED RUHULLAH MEHDI,16,2
3017396,Shri Jugal Kishore Sharma,16,2
3019016,Jitendra Singh,16,2
3044682,ABDUL RASHID SHEIKH,16,2
3019254,Shri Gulam Ali (2022-28),16,1
3026800,Dummy Rajya Sabha MP,16,1
3060561,Shri Sat Paul Sharma (2025-31),16,1
3061955,Shri Gurwinder Singh Oberoi (2025-31),16,1
3063548,Shri Sajjad Ahmad Kichloo (2025-31),16,1
3063547,Shri Chowdry Mohammad Ramzan (2025-31),16,1
3042350,KALI CHARAN SINGH,17,2
3042351,DULU MAHATO,17,2
3042352,MANISH JAISWAL,17,2
3042353,KALI CHARAN MUNDA,17,2
3042354,SUKHDEO BHAGAT,17,2
3042356,JOBA MAJHI,17,2
3019020,Nishikant Dubey,17,2
3019022,Bidyut Baran Mahato,17,2
3018370,Annpurna Devi ,17,2
3019023,Vijay Kumar Hansdak,17,2
3018372,Sanjay Seth ,17,2
3043223,NALIN SOREN,17,2
3018374,Vishnu Dayal Ram,17,2
3017399,Shri Chandra Prakash Choudhary,17,2
3017184,Smt. Mahua Maji (2022-28),17,1
3017232,Shri Aditya Prasad (2022-28),17,1
3043536,Shri Pradip Kumar Varma (2024-30),17,1
3045173,Dr. Sarfraz Ahmad (2024-30),17,1
3066614,Shri Baidyanath Ram (2026-32),17,1
3042357,DR C N MANJUNATH,18,2
3042358,JAGADISH SHETTAR,18,2
3042359,E. TUKARAM,18,2
3042360,SAGAR ESHWAR KHANDRE,18,2
3042361,SUNIL BOSE,18,2
3042362,DR.K.SUDHAKAR,18,2
3042363,GOVIND MAKTHAPPA KARJOL,18,2
3042364,CAPTAIN BRIJESH CHOWTA,18,2
3042365,DR. PRABHA MALLIKARJUN,18,2
3042366,RADHAKRISHNA,18,2
3042367,SHREYAS. M. PATEL,18,2
3042368,BASAVARAJ BOMMAI,18,2
3042369,M. MALLESH BABU,18,2
3042370,K. RAJASHEKAR BASAVARAJ HITNAL,18,2
3042371,H.D. KUMARASWAMY,18,2
3042372,YADUVEER KRISHNADATTA CHAMARAJA WADIYAR,18,2
3042373,G. KUMAR NAIK,18,2
3042374,V. SOMANNA,18,2
3042376,VISHWESHWAR HEGDE KAGERI,18,2
3042375,KOTA SRINIVAS POOJARY,18,2
3019034,Parvatagouda Chandanagouda Gaddigoudar,18,2
3017406,Shri LS Tejasvi Surya ,18,2
3019039,Ramesh Chandappa Jigajinagi,18,2
3019036,Pralhad Venkatesh Joshi,18,2
3017402,Shri B Y Raghavendra ,18,2
3019529,P C Mohan,18,2
3043716,SHOBHA KARANDLAJE,18,2
3043717,PRIYANKA SATISH JARKIHOLI,18,2
3017235,Shri Jaggesh (2022-28),18,1
3017243,Smt. Nirmala Sitharaman (2022-28),18,1
3019253,Dr. Dharmasthala Veerendra Heggade (2022-28),18,1
3019248,Shri Jairam Ramesh (2022-28),18,1
3019249,Shri Lahar Singh Siroya (2022-28),18,1
3042566,Dr. Syed Naseer Hussain (2024-30),18,1
3044066,Shri Narayanasa K. Bhandage (2024-30),18,1
3044073,Smt. Sudha Murty (2024-30),18,1
3017237,Shri G.C. Chandrashekhar (2024-30),18,1
3047757,Shri Ajay Makan (2024-30),18,1
3065897,Shri Mansoor Ali Khan (2026-32),18,1
3066166,Shri M. Nagaraja (2026-32),18,1
3017242,Shri Mallikarjun Kharge (2026-32),18,1
3066550,Shri Pawan Khera (2026-32),18,1
3042380,SHAFI PARAMBIL,36,2
3042377,K. C VENUGOPAL,36,2
3042379,SURESH GOPI,36,2
3042378,ADV K FRANCIS GEORGE,36,2
3017417,Shri Hibi Eden,36,2
3017408,Dr Shashi Tharoor,36,2
3017409,Shri M K Raghavan,36,2
3017410,Shri NK Premachandran,36,2
3017411,Adv Adoor Prakash ,36,2
3017413,Shri Benny Behanan,36,2
3017418,Adv Dean Kuriakose,36,2
3018377,Vellalath Kochukrishnan Nair Sreekandan,36,2
3017416,Shri Kumbakudi Sudhakaran,36,2
3017412,Shri Suresh Kodikunnil,36,2
3017415,Shri Rajmohan Unnithan ,36,2
3019048,Anto Antony,36,2
3042789,E.T. MOHAMMED BASHEER,36,2
3042790,DR. M.P ABDUSSAMAD SAMADANI,36,2
3043393,K RADHAKRISHNAN,36,2
3049648,Priyanka Gandhi Vadra,36,2
3017245,Dr. V. Sivadasan (2021-27),36,1
3017246,Shri A. A. Rahim (2022-28),36,1
3017247,Shri Abdul Wahab (2021-27),36,1
3017250,Dr. John Brittas (2021-27),36,1
3017252,Shri Sandosh Kumar P (2022-28),36,1
3017253,Smt. Jebi Mather Hisham (2022-28),36,1
3019257,Smt. P. T. Usha (2022-28),36,1
3043324,Shri Haris Beeran (2024-30),36,1
3017251,Shri Jose K. Mani (2024-30),36,1
3046257,Shri P. P. Suneer (2024-30),36,1
3056873,Shri C. Sadanandan Master (2025-31),36,1
3043914,Mohamed Haneefa,130,2
3042791,MUHAMMED HAMDULLAH SAYEED,19,2
3042381,BHARTI PARDHI,20,2
3042382,ALOK SHARMA,20,2
3042383,BUNTY VIVEK SAHU,20,2
3042384,RAHUL SINGH LODHI,20,2
3042385,SAVITRI THAKUR,20,2
3042386,BHARAT SINGH KUSHWAH,20,2
3042387,DARSHAN SINGH CHOUDHARY,20,2
3042388,ASHISH DUBEY,20,2
3042389,SHIVMANGAL SINGH TOMAR,20,2
3042390,ANITA NAGARSINGH CHOUHAN,20,2
3042391,DR. LATA WANKHEDE,20,2
3042392,DR. RAJESH MISHRA,20,2
3018381,Durga Das Uikey ,20,2
3019070,Smt Sandhya Ray,20,2
3019068,Mahendra Singh Solanky,20,2
3019065,Shankar Lalwani,20,2
3019056,Gajendra Singh Patel,20,2
3019055,Faggan Singh Kulaste,20,2
3017421,Shri Sudheer Gupta ,20,2
3018380,Rodmal Nagar ,20,2
3019059,Janardan Mishra,20,2
3019057,Ganesh Singh,20,2
3019069,Smt Himadri Singh,20,2
3019053,Virendra Kumar,20,2
3017425,Shri Anil Firojiya,20,2
3019058,Gyaneshwar Patil,20,2
3018383,Vishnu Dutt Sharma,20,2
3043718,JYOTIRADITYA M. SCINDIA,20,2
3044395,SHIVRAJ SINGH CHOUHAN,20,2
3017254,Dr. Kavita Patidar (2022-28),20,1
3017257,Shri Vivek K. Tankha (2022-28),20,1
3017258,Smt. Sumitra Balmik (2022-28),20,1
3042554,Shri Ashok Singh (2024-30),20,1
3042567,Shri Balyogi Umeshnath (2024-30),20,1
3043035,Smt. Maya Naroliya (2024-30),20,1
3043966,Shri Banshilal Gurjar (2024-30),20,1
3017255,Dr. L. Murugan (2024-30),20,1
3065971,Shri Rajneesh Kumar Agrawal (2026-32),20,1
3066552,Shri Mahesh Kewat (2026-32),20,1
3066667,Shri Tarun Chugh (2026-32),20,1
3042393,NILESH DNYANDEV LANKE,21,2
3042394,ANUP SANJAY DHOTRE,21,2
3042395,BALWANT BASWANT WANKHADE,21,2
3042396,BHUMARE SANDIPANRAO ASARAM,21,2
3042397,BAJRANG MANOHAR SONWANE,21,2
3042398,DR. PRASHANT YADAORAO PADOLE,21,2
3042399,BALYA MAMA SURESH GOPINATH MHATRE,21,2
3042401,BACHHAV SHOBHA DINESH,21,2
3042402,BHASKAR MURLIDHAR BHAGARE,21,2
3042403,DR. KIRSAN NAMDEO,21,2
3042404,AASHTIKAR PATIL NAGESH BAPURAO,21,2
3042405,SMITA UDAY WAGH,21,2
3042406,KALYAN VAIJINATHRAO KALE,21,2
3042407,CHHATRAPATI SHAHU SHAHAJI,21,2
3042409,GAIKWAD VARSHA EKNATH,21,2
3042410,CHAVAN VASANTRAO BALWANTRAO,21,2
3042411,ADV GOWAAL KAGADA PADAVI,21,2
3042412,RAJABHAU,21,2
3042413,DR. HEMANT VISHNU SAVARA,21,2
3042414,MURLIDHAR MOHOL,21,2
3042415,Shyamkumar,21,2
3042416,NARAYAN TATU RANE,21,2
3042417,VISHAL,21,2
3042418,SHRIMANT CHH UDAYANRAJE PRATAPSINHAMAHARAJ BHONSLE,21,2
3042419,BHAUSAHEB RAJARAM WAKCHAURE,21,2
3042420,NARESH GANPAT MHASKE,21,2
3042421,AMAR SHARADRAO KALE,21,2
3042400,DHANORKAR PRATIBHA SURESH ALIAS BALUBHAU,21,2
3042408,MOHITE PATIL DHAIRYASHEEL RAJSINH,21,2
3019082,Dhairyasheel Sambhajirao Mane,21,2
3019077,Shrikant Eknath Shinde,21,2
3019079,Arvind Ganpat Sawant,21,2
3019088,Omprakash Bhupalsinh Alias Pawan Rajenimbalkar,21,2
3019101,Sunil Dattatray Tatkare,21,2
3019105,Smt Raksha Nikhil Khadse,21,2
3019076,Amol Ramsing Kolhe,21,2
3042792,Piyush Vedprakash Goyal,21,2
3042793,RAVINDRA DATTARAM WAIKAR,21,2
3019099,Shrirang Appa Barne,21,2
3019087,Nitin Jairam Gadkari,21,2
3019106,Smt Supriya Sadanand Sule,21,2
3019095,Sanjay Haribhau Jadhav,21,2
3043224,DR KALGE SHIVAJI BANDAPPA,21,2
3043228,PRANITI SUSHILKUMAR SHINDE,21,2
3019090,Prataprao Jadhav,21,2
3043915,SANJAY DINA PATIL,21,2
3044176,Sanjay Uttamrao Deshmukh,21,2
3044396,ANIL YESHWANT DESAI,21,2
3052343,Ravindra Vasantrao Chavan,21,2
3017259,Dr. Anil Sukhdeorao Bonde (2022-28),21,1
3017263,Shri Dhananjay Bhimrao Mahadik (2022-28),21,1
3017264,Shri Imran Pratapgarhi (2022-28),21,1
3017267,Shri Sanjay Raut (2022-28),21,1
3042556,Dr. Medha Vishram Kulkarni (2024-30),21,1
3042557,Shri Ashokrao Shankarrao Chavan (2024-30),21,1
3042559,Shri Milind Murli Deora (2024-30),21,1
3042560,Shri Chandrakant Damodar Handore (2024-30),21,1
3042562,Dr. Ajeet Madhavrao Gopchade (2024-30),21,1
3042564,Shri Praful Patel (2024-30),21,1
3048864,Shri Nitin Laxmanrao Jadhav Patil (2024-28),21,1
3061108,Shri Ujjwal Deorao Nikam (2025-31),21,1
3064688,Shri Ramrao Sakharam Wadkute (2026-32),21,1
3064779,Shri Vinod Shridhar Tawde (2026-32),21,1
3017272,Shri Ramdas Bandu Athawale (2026-32),21,1
3065436,Smt. Maya Chintaman Ivnate (2026-32),21,1
3066268,Dr. Jyoti Nagnath Waghmare (2026-32),21,1
3066664,Shri Parth Ajit Pawar (2026-32),21,1
3044252,ANGOMCHA BIMOL AKOIJAM,22,2
3044251,ALFRED KANNGAM S ARTHUR,22,2
3065973,Smt. Adhikarimayum Sharda Devi (2026-32),22,1
3042422,ANDREW J. SYNGKON,23,2
3042794,SALENG A SANGMA,23,2
3065972,Shri James Pangsang Kongkal Sangma (2026-32),23,1
3042423,RICHARD VANLALHMANGAIHA,13,2
3066422,Shri Khiangte Laltluangkima (2026-32),13,1
3045278,S SUPONGMEREN JAMIR,24,2
3017509,Smt. S. Phangnon Konyak (2022-28),24,1
3042424,PRADEEP PUROHIT,25,2
3042425,DR. PRADEEP KUMAR PANIGRAHY,25,2
3042426,RUDRA NARAYAN PANY,25,2
3042427,BIBHU PRASAD TARAI,25,2
3042428,RABINDRA NARAYAN BEHERA,25,2
3042429,MALVIKA DEVI,25,2
3042430,BAIJAYANT PANDA,25,2
3042431,ANANTA NAYAK,25,2
3042432,NABA CHARAN MAJHI,25,2
3042433,BALABHADRA MAJHI,25,2
3042434,SAMBIT PATRA,25,2
3042435,DHARMENDRA PRADHAN,25,2
3018389,Pratap Chandra Sarangi,25,2
3017438,Smt Sangeeta Kumari Singh Deo,25,2
3017437,Shri Bhartruhari Mahtab,25,2
3018390,Saptagiri Sankar Ulaka,25,2
3017435,Shri Jual Oram,25,2
3042795,AVIMANYU SETHI,25,2
3017373,Smt Aparajita Sarangi,25,2
3043546,SUKANTA KUMAR PANIGRAHI,25,2
3043719,ANITA SUBHADARSHINI,25,2
3017365,Dr. Sasmit Patra (2022-28),25,1
3017366,Shri Manas Ranjan Mangaraj (2022-28),25,1
3017372,Smt. Sulata Deo (2022-28),25,1
3042553,Shri Subhasish Khuntia (2024-30),25,1
3017368,Shri Ashwini Vaishnaw (2024-30),25,1
3064658,Shri Dilip Kumar Ray (2026-32),25,1
3049783,Shri Sujeet Kumar (2026-32),25,1
3064961,Dr. Santrupt Misra (2026-32),25,1
3066023,Shri Debashish Samantaray (2026-30),25,1
3066499,Shri Manmohan Samal (2026-32),25,1
3019122,Vaithilingam Ve,26,2
3017281,Shri S. Selvaganabathy (2021-27),26,1
3042437,SARABJEET SINGH KHALSA,1,2
3042438,SHER SINGH GHUBAYA,1,2
3042439,SUKHJINDER SINGH RANDHAWA,1,2
3042440,DR. RAJ KUMAR CHABBEWAL,1,2
3042441,CHARANJIT SINGH CHANNI,1,2
3042442,AMRINDER SINGH RAJA WARRING,1,2
3043498,DR DHARAMVIRA GANDHI,1,2
3017446,Shri Gurjeet Singh Aujla,1,2
3017445,Shri Amar Singh,1,2
3042796,MALVINDER SINGH KANG,1,2
3042913,GURMEET SINGH MEET HAYER,1,2
3019127,Smt Harsimrat Kaur Badal,1,2
3017282,Shri Sant Balbir Singh (2022-28),1,1
3017283,Shri Harbhajan Singh (2022-28),1,1
3017510,Shri Raghav Chadha (2022-28),1,1
3017511,Dr. Sandeep Kumar Pathak (2022-28),1,1
3019259,Dr. Vikramjit Singh Sahney (2022-28),1,1
3019258,Dr. Ashok Kumar Mittal (2022-28),1,1
3060764,Shri Rajinder Gupta (2025-28),1,1
3042444,BHUPENDER YADAV,28,2
3042445,UMMEDA RAM BENIWAL,28,2
3042446,SANJNA JATAV,28,2
3042447,DAMODAR AGARWAL,28,2
3042448,MURARI LAL MEENA,28,2
3042449,KULDEEP INDORA,28,2
3042450,MANJU SHARMA,28,2
3042451,LUMBARAM,28,2
3042452,BRIJENDRA SINGH OLA,28,2
3042453,BHAJAN LAL JATAV,28,2
3042454,MAHIMA KUMARI MEWAR,28,2
3042455,AMRARAM,28,2
3042456,HARISH CHANDRA MEENA,28,2
3042457,MANNA LAL RAWAT,28,2
3017449,Shri Arjun Ram Meghwal,28,2
3019131,Chandra Prakash Joshi,28,2
3019139,Rahul Kaswan,28,2
3019133,Dushyant Singh,28,2
3019134,Gajendra Singh Shekhawat,28,2
3017454,Shri PP Chaudhary,28,2
3019130,Bhagirath Chaudhary,28,2
3019138,Om Birla,28,2
3042914,RAJ KUMAR ROAT,28,2
3017451,Shri Hanuman Beniwal,28,2
3044260,Rao Rajendra Singh,28,2
3017287,Shri Ghanshyam Tiwari (2022-28),28,1
3017288,Shri Mukul Wasnik (2022-28),28,1
3017289,Shri Pramod Tiwari (2022-28),28,1
3017290,Shri Randeep Singh Surjewala (2022-28),28,1
3042555,Shri Chunnilal Garasiya (2024-30),28,1
3042565,Smt. Sonia Gandhi (2024-30),28,1
3042568,Shri Madan Rathore (2024-30),28,1
3066167,Dr. Alka Singh (2026-32),28,1
3066186,Dr. Satish Poonia (2026-32),28,1
3066187,Shri Neeraj Dangi (2026-32),28,1
3017174,Indra Hang Subba,29,2
3042552,Shri Dorjee Tshering Lepcha (2024-30),29,1
3042473,THANGA TAMILSELVAN,30,2
3042458,THARANIVENTHAN M S,30,2
3042459,GANAPATHY RAJKUMAR P,30,2
3042461,MANI. A.,30,2
3042462,SACHITHANANTHAM R,30,2
3042463,K E PRAKASH,30,2
3042464,MALAIYARASAN D,30,2
3042467,ARUN NEHRU,30,2
3042468,ESWARASAMY K,30,2
3042471,DR RANI SRI KUMAR,30,2
3042472,MURASOLI S,30,2
3042474,ROBERT BRUCE C,30,2
3042475,Sasikanth Senthil,30,2
3042460,M.K. VISHNUPRASAD,30,2
3042466,GOPINATH K,30,2
3042470,SELVAGANAPATHI T M,30,2
3017455,Thiru Dayanidhi Maran,30,2
3019643,Kalanidhi Veeraswamy,30,2
3018396,T Sumathy (A) Thamizhachi Thangapandian ,30,2
3019167,Thirumaa Valavan Thol,30,2
3019154,Ganesan Selvam,30,2
3019169,Smt S Jothimani,30,2
3019151,Andimuthu Raja,30,2
3017457,Shri Karti P Chidambaram ,30,2
3019156,K Subbarayan,30,2
3019994,D M Kathir Anand,30,2
3018394,D Ravikumar ,30,2
3019158,Manickam Tagore B,30,2
3019162,S Venkatesan,30,2
3019166,Thalikkottai Rajuthevar Baalu,30,2
3019242,CN Annadurai,30,2
3042797,DURAI VAIKO,30,2
3019157,Kani K Navas,30,2
3017458,Shri vijayakumar Vasanth,30,2
3017175,S. Jagathrakshakan,30,2
3044147,SUDHA R,30,2
3044992,SELVARAJ V,30,2
3045569,V S Matheswaran,30,2
3018395,Kanimozhi Karunanidhi,30,2
3017168,Shri Ilaiyaraaja (2022-28),30,1
3017170,Shri R. Dharmar (2022-28),30,1
3017304,Shri S. Kalyanasundaram (2022-28),30,1
3017305,Shri R. Girirajan (2022-28),30,1
3017307,Shri P. Chidambaram (2022-28),30,1
3017308,Shri K.R.N. Rajeshkumar (2022-28),30,1
3056872,Smt. Rajathi (2025-31),30,1
3058540,Shri Kamal Haasan (2025-31),30,1
3059270,Shri S.R. Sivalingam (2025-31),30,1
3059272,Shri I.S. Inbadurai (2025-31),30,1
3059498,Dr. M. Dhanapal (2025-31),30,1
3061320,Shri P. Wilson (2025-31),30,1
3017301,Shri Tiruchi Siva (2026-32),30,1
3017300,Dr. M. Thambi Durai (2026-32),30,1
3065276,Shri L. K. Sudhish (2026-32),30,1
3065298,Shri Constandine Ravindran (2026-32),30,1
3065417,Shri Christopher Manickam (2026-32),30,1
3066269,Shri Praveen Chakravarthy (2026-28),30,1
3066551,Dr. Anbumani Ramadoss (2026-32),30,1
3042476,GODAM NAGESH,129,2
3042477,KONDA VISHWESHWAR REDDY,129,2
3042478,RAMASAHAYAM RAGHURAM REDDY,129,2
3042479,BALRAM NAIK PORIKA,129,2
3042480,ARUNA. D. K,129,2
3042481,EATALA RAJENDER,129,2
3042482,SURESH KUMAR SHETKAR,129,2
3019172,Arvind Dharmapuri,129,2
3019176,Kishan Reddy Gangapuram,129,2
3043284,DR.MALLU RAVI,129,2
3043394,CHAMALA KIRAN KUMAR REDDY,129,2
3019181,Sanjay Kumar Bandi,129,2
3045216,KUNDURU RAGHUVEER,129,2
3045227,VAMSI KRISHNA GADDAM,129,2
3045246,KADIYAM KAVYA,129,2
3045387,MADHAVANENI RAGHUNANDAN RAO,129,2
3019173,Asaduddin Owaisi,129,2
3017310,Shri B. Parthasaradhi Reddy (2022-28),129,1
3019261,Shri Damodar Rao Divakonda (2022-28),129,1
3044300,Shri Anil Kumar Yadav Mandadi (2024-30),129,1
3044741,Smt. Renuka Chowdhury (2024-30),129,1
3017313,Shri Ravi Chandra Vaddiraju (2024-30),129,1
3047083,Dr. Abhishek Manu Singhvi (2026-32),129,1
3042483,PATEL UMESHBHAI BABUBHAI,10,2
3041086,Kalaben Mohanbhai Delkar,10,2
3042484,KRITI DEVI DEBBARMAN,31,2
3042485,BIPLAB KUMAR DEB,31,2
3046918,Shri Rajib Bhattacharjee (2024-28),31,1
3042500,SHASHANK MANI,33,2
3042486,UJJWAL RAMAN SINGH,33,2
3042487,LALJI VERMA,33,2
3042488,KISHORI LAL,33,2
3042489,NEERAJ MAURYA,33,2
3042490,DHARMENDRA YADAV,33,2
3042491,ADITYA YADAV,33,2
3042493,ANAND KUMAR,33,2
3042494,SANATAN PANDEY,33,2
3042495,KRISHNA DEVI SHIVSHANKER PATEL,33,2
3042496,TANUJ PUNIA,33,2
3044187,RAM PRASAD CHAUDHARY,33,2
3042498,CHANDAN CHAUHAN,33,2
3042499,VIRENDRA SINGH,33,2
3042501,ANAND BHADAURIYA,33,2
3042502,DEVESH SHAKYA,33,2
3042503,JITENDRA KUMAR DOHARE,33,2
3042504,AWADHESH PRASAD,33,2
3042505,NARESH CHANDRA UTTAM PATEL,33,2
3042506,AKSHAYA YADAV,33,2
3042507,ATUL GARG,33,2
3042508,AJENDRA SINGH LODHI,33,2
3042509,ANOOP PRADHAN BALMIKI,33,2
3042510,NARAYAN DAS AHIRWAR,33,2
3042511,BABU SINGH KUSHWAHA,33,2
3042512,IQRA CHOUDHARY,33,2
3042513,RAMESH AWASTHI,33,2
3042514,PUSHPENDRA SAROJ,33,2
3042515,UTKARSH VERMA MADHUR,33,2
3042516,DAROGA PRASAD SAROJ,33,2
3042517,PRIYA SAROJ,33,2
3042518,ARUN GOVIL,33,2
3042519,RUCHI VIRA,33,2
3042520,HARENDRA SINGH MALIK,33,2
3042521,PRAVEEN PATEL,33,2
3042522,DR. S P SINGH,33,2
3042523,MOHIBBULLAH,33,2
3042524,CHHOTELAL,33,2
3042525,IMRAN MASOOD,33,2
3042526,RAMASHANKAR RAJBHAR,33,2
3042527,ZIA UR REHMAN,33,2
3042528,LAXMIKANT PAPPU NISHAD,33,2
3042529,RAKESH RATHOR,33,2
3042530,RAMBHUAL NISHAD,33,2
3042492,DR RAJKUMAR SANGWAN,33,2
3019196,Devendra Alias Bhole Singh,33,2
3017466,Shri Satish Kumar Gautam ,33,2
3019202,Kamlesh Paswan,33,2
3019222,Bhola Singh,33,2
3019530,Rajkumar Chahar ,33,2
3019187,Mahesh Sharma,33,2
3019214,Ravindra Shyamnarayan Alias Ravi Kishan Shukla,33,2
3019201,Jai Prakash,33,2
3018405,Anurag Sharma ,33,2
3019220,Vijay Kumar Dubey,33,2
3019311,Rajnath Singh,33,2
3019227,Smt Hema Malini,33,2
3019225,Smt Anupriya Patel,33,2
3019244,Ashok Kumar Rawat,33,2
3017471,Shri Arun Kumar Sagar ,33,2
3018402,Swami Sachchidanandhari Sakshi ji Maharaj ,33,2
3019205,Mukesh Rajput,33,2
3042816,R.K. CHAUDHARY,33,2
3017469,Shri Narendra Modi,33,2
3019207,Pankaj Chowdhary,33,2
3019226,Smt Dimple Yadav,33,2
3043395,KARAN BHUSHAN SINGH,33,2
3017473,Prof SP Singh Baghel,33,2
3043488,AKHILESH YADAV,33,2
3043489,RAHUL GANDHI,33,2
3019223,Ram Shiromani,33,2
3043598,RAJEEV RAI,33,2
3019203,Kirti Vardhan Singh,33,2
3043720,KANWAR SINGH TANWAR,33,2
3044397,CHHATRA PAL SINGH GANGWAR,33,2
3044716,VINOD KUMAR BIND,33,2
3045253,AFZAL ANSARI,33,2
3045351,JITIN PRASADA,33,2
3046000,CHANDRA SHEKHAR,33,2
3019200,Jagdambika Pal,33,2
3017171,Shri Hardeep Singh Puri (2020-26),33,1
3017322,Dr. K. Laxman (2022-28),33,1
3017323,Dr. Laxmikant Bajpayee (2022-28),33,1
3017324,Dr. Radha Mohan Das Agrawal (2022-28),33,1
3017325,Prof. Ram Gopal Yadav (2020-26),33,1
3017328,Shri Arun Singh (2020-26),33,1
3017329,Shri Javed Ali Khan (2022-28),33,1
3017330,Shri Jayant Chaudhary (2022-28),33,1
3017331,Shri Kapil Sibal (2022-28),33,1
3017332,Shri Mithlesh Kumar (2022-28),33,1
3017334,Shri Surendra Singh Nagar (2022-28),33,1
3017337,Shri B.L. Verma (2020-26),33,1
3017338,Shri Brij Lal (2020-26),33,1
3017339,Shri Neeraj Shekhar (2020-26),33,1
3017340,Shri Ramji (2020-26),33,1
3017343,Smt. Sangeeta Yadav (2022-28),33,1
3017344,Smt. Seema Dwivedi (2020-26),33,1
3017345,Smt. Darshana Singh (2022-28),33,1
3019262,Shri Baburam Nishad (2022-28),33,1
3023700,Dr. Dinesh Sharma (2023-26),33,1
3019264,Smt. Geeta alias Chandraprabha (2020-26),33,1
3042551,Shri Ramji Lal Suman (2024-30),33,1
3042920,Shri Sanjay Seth (2024-30),33,1
3042921,Shri Amar Pal Maurya (2024-30),33,1
3017341,Dr. Sudhanshu Trivedi (2024-30),33,1
3043036,Dr. Sangeeta Balwant (2024-30),33,1
3043325,Shri Tejveer Singh (2024-30),33,1
3017342,Smt. Jaya Amitabh Bachchan (2024-30),33,1
3043534,Shri Naveen Jain (2024-30),33,1
3044168,Smt. Sadhna Singh (2024-30),33,1
3045224,Shri Ratanjit Pratap Narain Singh (2024-30),33,1
3018415,Mala Rajya Laxmi Shah ,32,2
3017176,Ajay Bhatt,32,2
3018414,Ajay Tamta,32,2
3047111,ANIL BALUNI,32,2
3047110,TRIVENDRA SINGH RAWAT,32,2
3017346,Dr. Kalpana Saini (2022-28),32,1
3019265,Shri Naresh Bansal (2020-26),32,1
3043339,Shri Mahendra Bhatt (2024-30),32,1
3042532,MANOJ TIGGA,34,2
3042533,BAG MITALI,34,2
3042534,PATHAN YUSUF,34,2
3042535,ARUP CHAKRABORTY,34,2
3042536,DR. SHARMILA SARKAR,34,2
3042538,PARTHA BHOWMICK,34,2
3042539,SK NURUL ISLAM,34,2
3042541,SAYANI GHOSH,34,2
3042543,ADHIKARI SOUMENDU,34,2
3042545,BAPI HALDAR,34,2
3042546,JUNE MALIAH,34,2
3042547,KARTICK CHANDRA PAUL,34,2
3042549,ABHIJIT GANGOPADHYAY,34,2
3042540,JAGADISH CHANDRA BARMA BASUNIA,34,2
3042542,KALIPADA SAREN,34,2
3042544,ISHA KHAN CHOUDHURY,34,2
3042537,AZAD KIRTI JHA,34,2
3019235,Shatrughan Sinha,34,2
3017477,Dr Sukanta Majumdar ,34,2
3017479,Shri Shantanu Thakur ,34,2
3017485,Kakoli Ghosh Dastidar ,34,2
3017478,Smt Satabdi Roy (Banerjee),34,2
3018416,Saumitra khan ,34,2
3019335,Asit Kumar Mal ,34,2
3019234,Raju Bista,34,2
3017491,Shri Deepak (Dev) Adhikari ,34,2
3019233,Prasun Banerjee,34,2
3017486,Dr Jayanta Kumar Roy,34,2
3018418,Khalilur Rahaman ,34,2
3018422,Pratima Mondal ,34,2
3018421,Mala Roy ,34,2
3019231,Ms Mahua Moitra,34,2
3019301,Khagen Murmu,34,2
3017483,Shri Jyotirmay Singh Mahato ,34,2
3019236,Jagannath Sarkar,34,2
3019533,Sudip Bandyopadhyay,34,2
3019237,Smt Sajda Ahmed,34,2
3019300,Abu Taher Khan,34,2
3017493,Prof Sougata Ray,34,2
3019373,Kalyan Banerjee,34,2
3043599,RACHNA BANERJEE,34,2
3017487,Shri Abhishek Banerjee,34,2
3023812,Shri Nagendra Ray (2023-29),34,1
3032002,Shri Samirul Islam (2023-29),34,1
3042569,Smt. Sagarika Ghose (2024-30),34,1
3017362,Shri Derek O' Brien (2023-29),34,1
3017360,Ms. Dola Sen (2023-29),34,1
3044811,Smt. Mamata Thakur (2024-30),34,1
3044812,Shri Samik Bhattacharya (2024-30),34,1
3017359,Shri Mohammed Nadimul Haque (2024-30),34,1
3056687,Shri Harsh Vardhan Shringla (2025-31),34,1
3065548,Shri Rajeev Kumar (2026-32),34,1
3066259,Shri Prakash Chik Baraik (2026-29),34,1
3066271,Shri Sukhendu Sekhar Ray (2026-29),34,1
3066666,Ms. Sushmita Dev (2026-30),34,1
